part_used,part_name,,,,,,,,,,,,,,,,,,
9JD06DC51028A,AC_CORD,,,,,,,,,,,,,,,,,,
9KB2700918211,AC_CORD,,,,,,,,,,,,,,,,,,
KSETLA981WJZZ,AC_CORD,,,,,,,,,,,,,,,,,,
KSETLB296WJZZ,AC_CORD,,,,,,,,,,,,,,,,,,
QACC-A286CBZZ,AC_CORD,,,,,,,,,,,,,,,,,,
QACCKA047WJPZ,AC_CORD,,,,,,,,,,,,,,,,,,
QACCKA055WJPZ,AC_CORD,,,,,,,,,,,,,,,,,,
QACCKA075WJPZ2,AC_CORD,,,,,,,,,,,,,,,,,,
QACCKA079WJPZ,AC_CORD,,,,,,,,,,,,,,,,,,
QACCKA080WJPZ2,AC_CORD,,,,,,,,,,,,,,,,,,
QACCZA160WJN12,AC_CORD,,,,,,,,,,,,,,,,,,
QACCZA320WJPZ2,AC_CORD,,,,,,,,,,,,,,,,,,
QACCZA331WJPZ2,AC_CORD,,,,,,,,,,,,,,,,,,
QACCZA352WJPZ,AC_CORD,,,,,,,,,,,,,,,,,,
QACCZA353WJPZ2,AC_CORD,,,,,,,,,,,,,,,,,,
UADP-A118WJZZ,ADAPTOR,,,,,,,,,,,,,,,,,,
UADP-A129WJZZ,ADAPTOR,,,,,,,,,,,,,,,,,,
QCNWGA160WJPZ,AV_CABLE,,,,,,,,,,,,,,,,,,
CCABBC295WJ05,BACK_CABINET,,,,,,,,,,,,,,,,,,
PBAL-C003SCAA0,BALLAST_MAGNETIC,,,,,,,,,,,,,,,,,,
QCNW-S621WJPZ,BL_WIRE,,,,,,,,,,,,,,,,,,
QCNW-T322WJN1,BL_WIRE,,,,,,,,,,,,,,,,,,
KSETLA734WJZZ,BLUETOOTH_ANTENNA,,,,,,,,,,,,,,,,,,
KSETLB154WJZZ,BLUETOOTH_WIRE,,,,,,,,,,,,,,,,,,
QANTZA023WJQZ,BT_ANTENNA,,,,,,,,,,,,,,,,,,
CCABAD273WJ62,CABINET,,,,,,,,,,,,,,,,,,
CCABAD273WJ64,CABINET,,,,,,,,,,,,,,,,,,
CCABAD303WJ63,CABINET,,,,,,,,,,,,,,,,,,
RC-EZB526WJZZ,CAPASITOR,,,,,,,,,,,,,,,,,,
RC-QZA208QBZZ,CAPASITOR,,,,,,,,,,,,,,,,,,
RC-QZA243QBZZ,CAPASITOR,,,,,,,,,,,,,,,,,,
RCILPB672WJQZ+,COIL,,,,,,,,,,,,,,,,,,
PCMPRA742JBEZ,COMPRESSOR_AC,,,,,,,,,,,,,,,,,,
QCNW-P182WJPZ,CONNECTING_CORD,,,,,,,,,,,,,,,,,,
9KB5073H12001,CONNECTOR,,,,,,,,,,,,,,,,,,
QCNW-M468WJQZ,CONNECTOR,,,,,,,,,,,,,,,,,,
QCNW-N592WJPZ,CONNECTOR,,,,,,,,,,,,,,,,,,
9JD06GYV7301G,CONNECTOR_PWB_SIDE,,,,,,,,,,,,,,,,,,
DUNTKF778FMF8,CONTROL_UNIT,,,,,,,,,,,,,,,,,,
DUNTKF885FM01,CONTROL_UNIT,,,,,,,,,,,,,,,,,,
DUNTKF906FMG3,CONTROL_UNIT,,,,,,,,,,,,,,,,,,
DUNTKF906FMG4,CONTROL_UNIT,,,,,,,,,,,,,,,,,,
DUNTKF908FM07,CONTROL_UNIT,,,,,,,,,,,,,,,,,,
RUNTK4224TPZD,CONTROL_UNIT,,,,,,,,,,,,,,,,,,
RUNTK4512TPZE,CONTROL_UNIT,,,,,,,,,,,,,,,,,,
RUNTK4909TPZP,CONTROL_UNIT,,,,,,,,,,,,,,,,,,
RUNTK4918TPZC,CONTROL_UNIT,,,,,,,,,,,,,,,,,,
PSPAZD358WJKZ,COOLER_PAD,,,,,,,,,,,,,,,,,,
GCOVAE762WJ6E,COVER_SIDE,,,,,,,,,,,,,,,,,,
HDECPA306WJ61,DECO,,,,,,,,,,,,,,,,,,
HDECPA307WJ61,DECO,,,,,,,,,,,,,,,,,,
PSHEPB701WJZZ,DIFFUSION_SHEET,,,,,,,,,,,,,,,,,,
PSHEPB666WJ2A,DIFFUSION_SHEET,,,,,,,,,,,,,,,,,,
RH-DX0255CEZZ,DIODA,,,,,,,,,,,,,,,,,,
RH-DXA006WJZZ,DIODA,,,,,,,,,,,,,,,,,,
RH-DXA055WJZZ,DIODA,,,,,,,,,,,,,,,,,,
VHDGBJL10J+-F,DIODA,,,,,,,,,,,,,,,,,,
VHDSR3200//1M,DIODA,,,,,,,,,,,,,,,,,,
VHDSR560///-1,DIODA,,,,,,,,,,,,,,,,,,
42082671-VE,DOOR_HANDLE_HA,,,,,,,,,,,,,,,,,,
CEVA-A003VDKA,EVAP,,,,,,,,,,,,,,,,,,
9ACID55AA271,FCC_WIRE,,,,,,,,,,,,,,,,,,
30446005404MTC,FFC_WIRE,,,,,,,,,,,,,,,,,,
9TAHL6500IE015,FFC_WIRE,,,,,,,,,,,,,,,,,,
QCNW-R475WJPZ,FFC_WIRE,,,,,,,,,,,,,,,,,,
9TAHN7000CE027,FIELD_VOICE_CABLE,,,,,,,,,,,,,,,,,,
PREI-A002VRE0,FREON,,,,,,,,,,,,,,,,,,
PREI-A005VRE0,FREON,,,,,,,,,,,,,,,,,,
PREI-A006VRE0,FREON,,,,,,,,,,,,,,,,,,
CCABAD303WJ61,FRONT_CAB,,,,,,,,,,,,,,,,,,
9JD7A708B106C,FRONT_CABINET,,,,,,,,,,,,,,,,,,
CCABAD073WJ03,FRONT_CABINET,,,,,,,,,,,,,,,,,,
FFS-TA055CBKZ,FUSE,,,,,,,,,,,,,,,,,,
QCNW-S171WJPZ,HARNESS,,,,,,,,,,,,,,,,,,
LPMIP2K30M/-M,IC,,,,,,,,,,,,,,,,,,
VHIEN25Q64S1Y,IC,,,,,,,,,,,,,,,,,,
VHIEN25Q64S-1Y,IC,,,,,,,,,,,,,,,,,,
VHIKIA431A/-1+,IC,,,,,,,,,,,,,,,,,,
VHILA78040B-1,IC,,,,,,,,,,,,,,,,,,
VHINCP1251B-1Y,IC,,,,,,,,,,,,,,,,,,
VHIW25Q64FV-1Y,IC,,,,,,,,,,,,,,,,,,
ICEP25128//1M,IC,,,,,,,,,,,,,,,,,,
ICEP2564///1M,IC,,,,,,,,,,,,,,,,,,
RH-FXA015WJQZ,IC,,,,,,,,,,,,,,,,,,
RH-IXD067WJZZQ,IC,,,,,,,,,,,,,,,,,,
RH-IXD508WJQZ,IC,,,,,,,,,,,,,,,,,,
RDENC2590TPZZ,INVERTER_UNIT,,,,,,,,,,,,,,,,,,
RDENC2610TPZZ,INVERTER_UNIT,,,,,,,,,,,,,,,,,,
RUNTKA862WJPZ,INVERTER_UNIT,,,,,,,,,,,,,,,,,,
CCOVAF715WJ61,IR_COVER,,,,,,,,,,,,,,,,,,
DUNTKH066FM04,IR_UNIT,,,,,,,,,,,,,,,,,,
9ACID5531011,IR_UNIT,,,,,,,,,,,,,,,,,,
9JD077Q038009,IR_UNIT,,,,,,,,,,,,,,,,,,
9JRMY99000009,IR_UNIT,,,,,,,,,,,,,,,,,,
9JRMYNEW00378,IR_UNIT,,,,,,,,,,,,,,,,,,
9JRMYNEW01262,IR_UNIT,,,,,,,,,,,,,,,,,,
B3KUE157I3,IR_UNIT,,,,,,,,,,,,,,,,,,
B3KUE175I2,IR_UNIT,,,,,,,,,,,,,,,,,,
B3KUEA4102,IR_UNIT,,,,,,,,,,,,,,,,,,
B3KUECB32I,IR_UNIT,,,,,,,,,,,,,,,,,,
B3KUG180C2,IR_UNIT,,,,,,,,,,,,,,,,,,
B3KUG265C2,IR_UNIT,,,,,,,,,,,,,,,,,,
B3KUGBA11I,IR_UNIT,,,,,,,,,,,,,,,,,,
B3KUGD88C2,IR_UNIT,,,,,,,,,,,,,,,,,,
B3KUJA523,IR_UNIT,,,,,,,,,,,,,,,,,,
B3KUKDDRSI,IR_UNIT,,,,,,,,,,,,,,,,,,
B3KUKDKUSI,IR_UNIT,,,,,,,,,,,,,,,,,,
DUNTKF539FM02,IR_UNIT,,,,,,,,,,,,,,,,,,
DUNTKF799FMF7,IR_UNIT,,,,,,,,,,,,,,,,,,
DUNTKG016FMF8,IR_UNIT,,,,,,,,,,,,,,,,,,
DUNTKG236FM21,IR_UNIT,,,,,,,,,,,,,,,,,,
DUNTKG238FM01,IR_UNIT,,,,,,,,,,,,,,,,,,
DUNTKG238FM02,IR_UNIT,,,,,,,,,,,,,,,,,,
DUNTKG238FM04,IR_UNIT,,,,,,,,,,,,,,,,,,
DUNTKG265FM02,IR_UNIT,,,,,,,,,,,,,,,,,,
DUNTKG447FMG1,IR_UNIT,,,,,,,,,,,,,,,,,,
DUNTKG447FMG2,IR_UNIT,,,,,,,,,,,,,,,,,,
DUNTKG463FM01,IR_UNIT,,,,,,,,,,,,,,,,,,
DUNTKG498FM02,IR_UNIT,,,,,,,,,,,,,,,,,,
DUNTKG498FMG1,IR_UNIT,,,,,,,,,,,,,,,,,,
DUNTKG677FM01,IR_UNIT,,,,,,,,,,,,,,,,,,
DUNTKG677FM03,IR_UNIT,,,,,,,,,,,,,,,,,,
DUNTKG677FM04,IR_UNIT,,,,,,,,,,,,,,,,,,
DUNTKG716FM03,IR_UNIT,,,,,,,,,,,,,,,,,,
DUNTKG716FMG1,IR_UNIT,,,,,,,,,,,,,,,,,,
DUNTKG716FMG3,IR_UNIT,,,,,,,,,,,,,,,,,,
DUNTKG811FM02,IR_UNIT,,,,,,,,,,,,,,,,,,
DUNTKG894FM03,IR_UNIT,,,,,,,,,,,,,,,,,,
DUNTKG896FM01,IR_UNIT,,,,,,,,,,,,,,,,,,
DUNTKG896FMG1,IR_UNIT,,,,,,,,,,,,,,,,,,
DUNTKH066FM02,IR_UNIT,,,,,,,,,,,,,,,,,,
DUNTKH135FMA2,IR_UNIT,,,,,,,,,,,,,,,,,,
KSETLA235WJZZ,IR_UNIT,,,,,,,,,,,,,,,,,,
KSETLA586WJZZ,IR_UNIT,,,,,,,,,,,,,,,,,,
KSETLA660WJZZ,IR_UNIT,,,,,,,,,,,,,,,,,,
KSETLA736WJZZ,IR_UNIT,,,,,,,,,,,,,,,,,,
QCNW-R383WJPZ,IR_UNIT,,,,,,,,,,,,,,,,,,
JBTN-B024WJ6A,JOG_KEY_UNIT,,,,,,,,,,,,,,,,,,
KSETLA739WJZZ,JOG_KEY_UNIT,,,,,,,,,,,,,,,,,,
RUNTKC255WJQZ,JOG_KEY_UNIT,,,,,,,,,,,,,,,,,,
B3KUYBG13I,KEY_UNIT,,,,,,,,,,,,,,,,,,
DUNTKG448FM14,KEY_UNIT,,,,,,,,,,,,,,,,,,
DUNTKH065FM04,KEY_UNIT,,,,,,,,,,,,,,,,,,
9JRMY99000002,KEY_UNIT,,,,,,,,,,,,,,,,,,
9JRMYNEW01011,KEY_UNIT,,,,,,,,,,,,,,,,,,
9JRMYNEW01265,KEY_UNIT,,,,,,,,,,,,,,,,,,
9JRMYNEW02007,KEY_UNIT,,,,,,,,,,,,,,,,,,
DUNTKF800FMF7,KEY_UNIT,,,,,,,,,,,,,,,,,,
DUNTKG448FM02,KEY_UNIT,,,,,,,,,,,,,,,,,,
DUNTKG448FM21,KEY_UNIT,,,,,,,,,,,,,,,,,,
DUNTKG778FM01,KEY_UNIT,,,,,,,,,,,,,,,,,,
DUNTKH065FM02,KEY_UNIT,,,,,,,,,,,,,,,,,,
KSETLA117WJZZ,KEY_UNIT,,,,,,,,,,,,,,,,,,
RUNTKC200WJQZ2,KEY_UNIT,,,,,,,,,,,,,,,,,,
CSETFG915WE61,KIT_PART_ASSY,,,,,,,,,,,,,,,,,,
CSETFG916WE61,KIT_PART_ASSY,,,,,,,,,,,,,,,,,,
QCNW-P940WJN1,KM_WIRE,,,,,,,,,,,,,,,,,,
CCABBC222WJ03,KS_BACK_CAB,,,,,,,,,,,,,,,,,,
CHLDZC520WJ61,KS_P_FRAME,,,,,,,,,,,,,,,,,,
CHLDZC654WJ61,KS_P_FRAME,,,,,,,,,,,,,,,,,,
CDAI-A893WJ01,KS_POST,,,,,,,,,,,,,,,,,,
CCOVAF246WJ61,KS_RC_UNIT,,,,,,,,,,,,,,,,,,
CCOVAF676WJ64,KS_RC_UNIT,,,,,,,,,,,,,,,,,,
PLAM-C003SCAA0,LAMP,,,,,,,,,,,,,,,,,,
RLMP-0664TPZZ,LAMP,,,,,,,,,,,,,,,,,,
RLMPLA029WJN1,LAMP,,,,,,,,,,,,,,,,,,
RUNTKB594WJN1,LED_BAR,,,,,,,,,,,,,,,,,,
RUNTKB845WJZZ,LED_BAR,,,,,,,,,,,,,,,,,,
RUNTKB864WJZZ,LED_BAR,,,,,,,,,,,,,,,,,,
RUNTKC034WJZZ,LED_BAR,,,,,,,,,,,,,,,,,,
RUNTKC057WJZZ,LED_BAR,,,,,,,,,,,,,,,,,,
RUNTKC165WJZZ,LED_BAR,,,,,,,,,,,,,,,,,,
RUNTKC242WJZZ,LED_BAR,,,,,,,,,,,,,,,,,,
RUNTKC243WJZZ,LED_BAR,,,,,,,,,,,,,,,,,,
53249000M38,LED_BAR,,,,,,,,,,,,,,,,,,
53255000M0U/L,LED_BAR,,,,,,,,,,,,,,,,,,
5325500M029,LED_BAR,,,,,,,,,,,,,,,,,,
53265000M46,LED_BAR,,,,,,,,,,,,,,,,,,
53275000M01,LED_BAR,,,,,,,,,,,,,,,,,,
53275000M01H,LED_BAR,,,,,,,,,,,,,,,,,,
9ACID5500M01,LED_BAR,,,,,,,,,,,,,,,,,,
9ACID5500M02,LED_BAR,,,,,,,,,,,,,,,,,,
9ACID5500M03,LED_BAR,,,,,,,,,,,,,,,,,,
9ACID550M001,LED_BAR,,,,,,,,,,,,,,,,,,
9ACID550M01/L,LED_BAR,,,,,,,,,,,,,,,,,,
9ACID750M001,LED_BAR,,,,,,,,,,,,,,,,,,
9ACID750M01/L,LED_BAR,,,,,,,,,,,,,,,,,,
9JD1561T00011,LED_BAR,,,,,,,,,,,,,,,,,,
9JDA3PI01W350P,LED_BAR,,,,,,,,,,,,,,,,,,
9JDA3SA01WXX0,LED_BAR,,,,,,,,,,,,,,,,,,
9JDA3SP21QXX0,LED_BAR,,,,,,,,,,,,,,,,,,
9JDA3UA07XXX0,LED_BAR,,,,,,,,,,,,,,,,,,
CLCDTA663WE01,LED_BAR,,,,,,,,,,,,,,,,,,
DUNTKG238FM03,LED_BAR,,,,,,,,,,,,,,,,,,
KSETLA741WJZZ,LED_BAR,,,,,,,,,,,,,,,,,,
RLEDB47073/1L,LED_BAR,,,,,,,,,,,,,,,,,,
RUNTK4460TPZZ,LED_BAR,,,,,,,,,,,,,,,,,,
RUNTK4461TPZZ,LED_BAR,,,,,,,,,,,,,,,,,,
RUNTK4462TPZZ,LED_BAR,,,,,,,,,,,,,,,,,,
RUNTKA596WJ02,LED_BAR,,,,,,,,,,,,,,,,,,
RUNTKA927WJZZ,LED_BAR,,,,,,,,,,,,,,,,,,
RUNTKA928WJZZ,LED_BAR,,,,,,,,,,,,,,,,,,
RUNTKB010WJZZ,LED_BAR,,,,,,,,,,,,,,,,,,
RUNTKB011WJZZ,LED_BAR,,,,,,,,,,,,,,,,,,
RUNTKB129WJZZ,LED_BAR,,,,,,,,,,,,,,,,,,
RUNTKB130WJZZ,LED_BAR,,,,,,,,,,,,,,,,,,
RUNTKB154WJZZ,LED_BAR,,,,,,,,,,,,,,,,,,
RUNTKB155WJZZ,LED_BAR,,,,,,,,,,,,,,,,,,
RUNTKB187WJZZ,LED_BAR,,,,,,,,,,,,,,,,,,
RUNTKB188WJZZ,LED_BAR,,,,,,,,,,,,,,,,,,
RUNTKB192WJZZ,LED_BAR,,,,,,,,,,,,,,,,,,
RUNTKB226WJZZ,LED_BAR,,,,,,,,,,,,,,,,,,
RUNTKB270WJZZ,LED_BAR,,,,,,,,,,,,,,,,,,
RUNTKB281WJZZ,LED_BAR,,,,,,,,,,,,,,,,,,
RUNTKB282WJZZ,LED_BAR,,,,,,,,,,,,,,,,,,
RUNTKB283WJZZ,LED_BAR,,,,,,,,,,,,,,,,,,
RUNTKB284WJZZ,LED_BAR,,,,,,,,,,,,,,,,,,
RUNTKB314WJZZ,LED_BAR,,,,,,,,,,,,,,,,,,
RUNTKB315WJZZ,LED_BAR,,,,,,,,,,,,,,,,,,
RUNTKB356WJZZ,LED_BAR,,,,,,,,,,,,,,,,,,
RUNTKB357WJZZ,LED_BAR,,,,,,,,,,,,,,,,,,
RUNTKB423WJN1,LED_BAR,,,,,,,,,,,,,,,,,,
RUNTKB423WJZZ,LED_BAR,,,,,,,,,,,,,,,,,,
RUNTKB436WJZZ,LED_BAR,,,,,,,,,,,,,,,,,,
RUNTKB437WJ/1L,LED_BAR,,,,,,,,,,,,,,,,,,
RUNTKB437WJZZ,LED_BAR,,,,,,,,,,,,,,,,,,
RUNTKB470WJZZ,LED_BAR,,,,,,,,,,,,,,,,,,
RUNTKB473/M,LED_BAR,,,,,,,,,,,,,,,,,,
RUNTKB473WJZZ,LED_BAR,,,,,,,,,,,,,,,,,,
RUNTKB481WJZZ,LED_BAR,,,,,,,,,,,,,,,,,,
RUNTKB594WJZZ,LED_BAR,,,,,,,,,,,,,,,,,,
RUNTKB620WJN1,LED_BAR,,,,,,,,,,,,,,,,,,
RUNTKB620WJZZ,LED_BAR,,,,,,,,,,,,,,,,,,
RUNTKB686WJZZ,LED_BAR,,,,,,,,,,,,,,,,,,
RUNTKB698WJN1,LED_BAR,,,,,,,,,,,,,,,,,,
RUNTKB718WJ/L,LED_BAR,,,,,,,,,,,,,,,,,,
RUNTKB718WJN1,LED_BAR,,,,,,,,,,,,,,,,,,
RUNTKB719WJ/L,LED_BAR,,,,,,,,,,,,,,,,,,
RUNTKB719WJN1,LED_BAR,,,,,,,,,,,,,,,,,,
RUNTKB720WJ/L,LED_BAR,,,,,,,,,,,,,,,,,,
RUNTKB720WJN1,LED_BAR,,,,,,,,,,,,,,,,,,
RUNTKB721WJ/L,LED_BAR,,,,,,,,,,,,,,,,,,
RUNTKB721WJN1,LED_BAR,,,,,,,,,,,,,,,,,,
RUNTKB756WJ/L,LED_BAR,,,,,,,,,,,,,,,,,,
RUNTKB756WJZZ,LED_BAR,,,,,,,,,,,,,,,,,,
RUNTKB767WJN1,LED_BAR,,,,,,,,,,,,,,,,,,
RUNTKB811WJZZ,LED_BAR,,,,,,,,,,,,,,,,,,
RUNTKB817WJZZ,LED_BAR,,,,,,,,,,,,,,,,,,
RUNTKB818WJZZ,LED_BAR,,,,,,,,,,,,,,,,,,
RUNTKB823WJZZ,LED_BAR,,,,,,,,,,,,,,,,,,
RUNTKB845WJ/L,LED_BAR,,,,,,,,,,,,,,,,,,
RUNTKC157WJZZ,LED_BAR,,,,,,,,,,,,,,,,,,
RUNTKC165WJ/L,LED_BAR,,,,,,,,,,,,,,,,,,
RUNTKC165WJN2,LED_BAR,,,,,,,,,,,,,,,,,,
RUNTKC272WJ/L,LED_BAR,,,,,,,,,,,,,,,,,,
RUNTKC272WJZZ,LED_BAR,,,,,,,,,,,,,,,,,,
RUNTKC312WJZZ,LED_BAR,,,,,,,,,,,,,,,,,,
RUNTKC319WJZZ,LED_BAR,,,,,,,,,,,,,,,,,,
QCNW-R030WJPZ,LED_BAR_WIRE,,,,,,,,,,,,,,,,,,
DUNTKG884FM01,LED_DRIVER_UNIT,,,,,,,,,,,,,,,,,,
B3KUYAD11I,LED_DRIVER_UNIT,,,,,,,,,,,,,,,,,,
B3KUYAE10I,LED_DRIVER_UNIT,,,,,,,,,,,,,,,,,,
B3KUYAE11I,LED_DRIVER_UNIT,,,,,,,,,,,,,,,,,,
DUNTKG753FM01,LED_DRIVER_UNIT,,,,,,,,,,,,,,,,,,
DUNTKG798FMG1,LED_DRIVER_UNIT,,,,,,,,,,,,,,,,,,
DUNTKG798FMG2,LED_DRIVER_UNIT,,,,,,,,,,,,,,,,,,
DUNTKG884FM03,LED_DRIVER_UNIT,,,,,,,,,,,,,,,,,,
DUNTKG899FM11,LED_DRIVER_UNIT,,,,,,,,,,,,,,,,,,
DUNTKG949FM01,LED_DRIVER_UNIT,,,,,,,,,,,,,,,,,,
DUNTKG949FM05,LED_DRIVER_UNIT,,,,,,,,,,,,,,,,,,
DUNTKH148FM01,LED_DRIVER_UNIT,,,,,,,,,,,,,,,,,,
B3KUGA41A3,LED_IR_UNIT,,,,,,,,,,,,,,,,,,
B3KUKBD12I,LED_IR_UNIT,,,,,,,,,,,,,,,,,,
B3KUYAD12I,LED_IR_UNIT,,,,,,,,,,,,,,,,,,
DUNTKH335FM01,LED_IR_UNIT,,,,,,,,,,,,,,,,,,
DUNTKH323FM01,LED_IR_UNIT,,,,,,,,,,,,,,,,,,
DUNTKH323FM03,LED_IR_UNIT,,,,,,,,,,,,,,,,,,
DUNTKH343FM01,LED_IR_UNIT,,,,,,,,,,,,,,,,,,
RUNTKC256WJQZ,LED_IR_UNIT,,,,,,,,,,,,,,,,,,
9JDA3QQ14QFM0,LED_MODULE,,,,,,,,,,,,,,,,,,
9JDA3UA07XFM0,LED_MODULE,,,,,,,,,,,,,,,,,,
RLED50L440/1M,LED_MODULE,,,,,,,,,,,,,,,,,,
9JD1561T00008,LED_UNIT,,,,,,,,,,,,,,,,,,
9JD1561T00009,LED_UNIT,,,,,,,,,,,,,,,,,,
RUNTKB284/M,LED_UNIT,,,,,,,,,,,,,,,,,,
RUNTKB346WJQZ,LED_UNIT,,,,,,,,,,,,,,,,,,
QCNW-Q918WJPZ,LED_WIRE,,,,,,,,,,,,,,,,,,
PGIDMA122WJN1,LIGHT_GUIDE_PLATE,,,,,,,,,,,,,,,,,,
PGIDMA141WJN1,LIGHT_GUIDE_PLATE,,,,,,,,,,,,,,,,,,
KSETLB343WJZZ,LVDS_WIRE,,,,,,,,,,,,,,,,,,
QCNW-R214WJN1,LVDS_WIRE,,,,,,,,,,,,,,,,,,
3044510545E,LVDS_WIRE,,,,,,,,,,,,,,,,,,
3044510550T,LVDS_WIRE,,,,,,,,,,,,,,,,,,
30445105751+,LVDS_WIRE,,,,,,,,,,,,,,,,,,
9ACID5505301,LVDS_WIRE,,,,,,,,,,,,,,,,,,
9ACID550545E,LVDS_WIRE,,,,,,,,,,,,,,,,,,
9ACID55AA291,LVDS_WIRE,,,,,,,,,,,,,,,,,,
9ACID55LVD001,LVDS_WIRE,,,,,,,,,,,,,,,,,,
9ACID55LVD002,LVDS_WIRE,,,,,,,,,,,,,,,,,,
9ACID7505751,LVDS_WIRE,,,,,,,,,,,,,,,,,,
KSETLB345WJZZ,LVDS_WIRE,,,,,,,,,,,,,,,,,,
KSETLB469WJZZ,LVDS_WIRE,,,,,,,,,,,,,,,,,,
KSETLB662WJZZ,LVDS_WIRE,,,,,,,,,,,,,,,,,,
QCNW-K994WJQZ,LVDS_WIRE,,,,,,,,,,,,,,,,,,
QCNWM466WJN2,LVDS_WIRE,,,,,,,,,,,,,,,,,,
QCNW-M466WJN2,LVDS_WIRE,,,,,,,,,,,,,,,,,,
QCNW-N178WJPZ,LVDS_WIRE,,,,,,,,,,,,,,,,,,
QCNWN2731TPZZ,LVDS_WIRE,,,,,,,,,,,,,,,,,,
QCNW-N433WJPZ,LVDS_WIRE,,,,,,,,,,,,,,,,,,
QCNW-N436WJPZ,LVDS_WIRE,,,,,,,,,,,,,,,,,,
QCNW-N439WJPZ,LVDS_WIRE,,,,,,,,,,,,,,,,,,
QCNWN481WJPZ,LVDS_WIRE,,,,,,,,,,,,,,,,,,
QCNW-N481WJPZ,LVDS_WIRE,,,,,,,,,,,,,,,,,,
QCNW-N555WJPZ,LVDS_WIRE,,,,,,,,,,,,,,,,,,
QCNWN556WJPZ,LVDS_WIRE,,,,,,,,,,,,,,,,,,
QCNWN561WJPZ,LVDS_WIRE,,,,,,,,,,,,,,,,,,
QCNW-N561WJPZ,LVDS_WIRE,,,,,,,,,,,,,,,,,,
QCNW-N588WJPZ,LVDS_WIRE,,,,,,,,,,,,,,,,,,
QCNWN704WJN1,LVDS_WIRE,,,,,,,,,,,,,,,,,,
QCNW-N704WJN1,LVDS_WIRE,,,,,,,,,,,,,,,,,,
QCNWN877WJPZ,LVDS_WIRE,,,,,,,,,,,,,,,,,,
QCNW-N877WJPZ,LVDS_WIRE,,,,,,,,,,,,,,,,,,
QCNW-P183WJPZ,LVDS_WIRE,,,,,,,,,,,,,,,,,,
QCNWP190WJPZ,LVDS_WIRE,,,,,,,,,,,,,,,,,,
QCNW-P190WJPZ,LVDS_WIRE,,,,,,,,,,,,,,,,,,
QCNW-P227WJPZ,LVDS_WIRE,,,,,,,,,,,,,,,,,,
QCNW-P257WJPZ,LVDS_WIRE,,,,,,,,,,,,,,,,,,
QCNW-P415WJN2,LVDS_WIRE,,,,,,,,,,,,,,,,,,
QCNW-P893WJPZ,LVDS_WIRE,,,,,,,,,,,,,,,,,,
QCNW-P930WJPZ,LVDS_WIRE,,,,,,,,,,,,,,,,,,
QCNWP931WJPZ,LVDS_WIRE,,,,,,,,,,,,,,,,,,
QCNW-P931WJPZ,LVDS_WIRE,,,,,,,,,,,,,,,,,,
QCNW-P933WJPZ,LVDS_WIRE,,,,,,,,,,,,,,,,,,
QCNW-P935WJPZ,LVDS_WIRE,,,,,,,,,,,,,,,,,,
QCNW-P951WJPZ,LVDS_WIRE,,,,,,,,,,,,,,,,,,
QCNW-P964WJN1,LVDS_WIRE,,,,,,,,,,,,,,,,,,
QCNW-P964WJPZ,LVDS_WIRE,,,,,,,,,,,,,,,,,,
QCNW-Q225WJPZ,LVDS_WIRE,,,,,,,,,,,,,,,,,,
QCNW-Q443WJPZ,LVDS_WIRE,,,,,,,,,,,,,,,,,,
QCNW-Q546WJPZ,LVDS_WIRE,,,,,,,,,,,,,,,,,,
QCNW-Q695WJPZ,LVDS_WIRE,,,,,,,,,,,,,,,,,,
QCNW-Q710WJPZ,LVDS_WIRE,,,,,,,,,,,,,,,,,,
QCNW-Q763WJZZ,LVDS_WIRE,,,,,,,,,,,,,,,,,,
QCNW-Q804WJPZ,LVDS_WIRE,,,,,,,,,,,,,,,,,,
QCNW-Q850WJZZ,LVDS_WIRE,,,,,,,,,,,,,,,,,,
QCNW-R027WJPZ,LVDS_WIRE,,,,,,,,,,,,,,,,,,
QCNW-R029WJPZ,LVDS_WIRE,,,,,,,,,,,,,,,,,,
QCNW-R097WJPZ,LVDS_WIRE,,,,,,,,,,,,,,,,,,
QCNW-R200WJPZ,LVDS_WIRE,,,,,,,,,,,,,,,,,,
QCNW-R201WJPZ,LVDS_WIRE,,,,,,,,,,,,,,,,,,
QCNW-R203WJPZ,LVDS_WIRE,,,,,,,,,,,,,,,,,,
QCNW-R212WJN1,LVDS_WIRE,,,,,,,,,,,,,,,,,,
QCNW-R212WJPZ,LVDS_WIRE,,,,,,,,,,,,,,,,,,
QCNW-R215WJPZ,LVDS_WIRE,,,,,,,,,,,,,,,,,,
QCNW-R266WJN1,LVDS_WIRE,,,,,,,,,,,,,,,,,,
QCNW-R382WJPZ,LVDS_WIRE,,,,,,,,,,,,,,,,,,
QCNW-R384WJPZ,LVDS_WIRE,,,,,,,,,,,,,,,,,,
QCNW-R425WJPZ,LVDS_WIRE,,,,,,,,,,,,,,,,,,
QCNW-R684WJPZ,LVDS_WIRE,,,,,,,,,,,,,,,,,,
QCNW-R726WJPZ,LVDS_WIRE,,,,,,,,,,,,,,,,,,
QCNW-R782WJPZ,LVDS_WIRE,,,,,,,,,,,,,,,,,,
QCNW-R794WJPZ,LVDS_WIRE,,,,,,,,,,,,,,,,,,
QCNW-R806WJPZ,LVDS_WIRE,,,,,,,,,,,,,,,,,,
QCNW-R820WJN1,LVDS_WIRE,,,,,,,,,,,,,,,,,,
QCNW-R820WJPZ,LVDS_WIRE,,,,,,,,,,,,,,,,,,
QCNW-R847WJPZ,LVDS_WIRE,,,,,,,,,,,,,,,,,,
QCNW-R884WJPZ,LVDS_WIRE,,,,,,,,,,,,,,,,,,
QCNW-R908WJN1,LVDS_WIRE,,,,,,,,,,,,,,,,,,
QCNW-R908WJPZ,LVDS_WIRE,,,,,,,,,,,,,,,,,,
QCNW-R914WJN1,LVDS_WIRE,,,,,,,,,,,,,,,,,,
QCNW-R916WJPZ,LVDS_WIRE,,,,,,,,,,,,,,,,,,
QCNW-R965WJPZ,LVDS_WIRE,,,,,,,,,,,,,,,,,,
QCNW-R966WJ/L,LVDS_WIRE,,,,,,,,,,,,,,,,,,
QCNW-R966WJPZ,LVDS_WIRE,,,,,,,,,,,,,,,,,,
QCNW-S152WJPZ,LVDS_WIRE,,,,,,,,,,,,,,,,,,
QCNW-S174WJPZ,LVDS_WIRE,,,,,,,,,,,,,,,,,,
QCNW-S175WJPZ,LVDS_WIRE,,,,,,,,,,,,,,,,,,
QCNW-S194WJPZ,LVDS_WIRE,,,,,,,,,,,,,,,,,,
QCNW-S198WJPZ,LVDS_WIRE,,,,,,,,,,,,,,,,,,
QCNW-S534WJPZ,LVDS_WIRE,,,,,,,,,,,,,,,,,,
QCNW-S558WJPZ,LVDS_WIRE,,,,,,,,,,,,,,,,,,
QCNW-S621WJN1,LVDS_WIRE,,,,,,,,,,,,,,,,,,
QCNW-T041WJN1,LVDS_WIRE,,,,,,,,,,,,,,,,,,
QCNW-T041WJPZ,LVDS_WIRE,,,,,,,,,,,,,,,,,,
QCNW-T075WJN1,LVDS_WIRE,,,,,,,,,,,,,,,,,,
QCNW-T075WJPZ,LVDS_WIRE,,,,,,,,,,,,,,,,,,
QCNW-T310WJPZ,LVDS_WIRE,,,,,,,,,,,,,,,,,,
QCNW-T324WJN1,LVDS_WIRE,,,,,,,,,,,,,,,,,,
QCNW-T324WJPZ,LVDS_WIRE,,,,,,,,,,,,,,,,,,
QCNW-T325WJN1,LVDS_WIRE,,,,,,,,,,,,,,,,,,
QCNW-T325WJPZ,LVDS_WIRE,,,,,,,,,,,,,,,,,,
QCNW-T375WJ/L,LVDS_WIRE,,,,,,,,,,,,,,,,,,
QCNW-T375WJN1,LVDS_WIRE,,,,,,,,,,,,,,,,,,
QCNW-T375WJPZ,LVDS_WIRE,,,,,,,,,,,,,,,,,,
QCNW-T376WJN1,LVDS_WIRE,,,,,,,,,,,,,,,,,,
QCNW-T543WJPZ,LVDS_WIRE,,,,,,,,,,,,,,,,,,
QCNW-T595WJN1,LVDS_WIRE,,,,,,,,,,,,,,,,,,
QCNW-T595WJPZ,LVDS_WIRE,,,,,,,,,,,,,,,,,,
QCNW-U060WJPZ,LVDS_WIRE,,,,,,,,,,,,,,,,,,
QCNW-U063WJPZ,LVDS_WIRE,,,,,,,,,,,,,,,,,,
QCNW-N587WJPZ,LW_WIRE,,,,,,,,,,,,,,,,,,
9RATLA577WJZZ,MAIN_UNIT,,,,,,,,,,,,,,,,,,
9RAUEG1NVI,MAIN_UNIT,,,,,,,,,,,,,,,,,,
9RAUGG1NVI,MAIN_UNIT,,,,,,,,,,,,,,,,,,
9RAUKEGMSI,MAIN_UNIT,,,,,,,,,,,,,,,,,,
B3KUEDCMVI,MAIN_UNIT,,,,,,,,,,,,,,,,,,
B3KUGBG1SI,MAIN_UNIT,,,,,,,,,,,,,,,,,,
B3KUGEGMVI,MAIN_UNIT,,,,,,,,,,,,,,,,,,
B3KUGG1MSI,MAIN_UNIT,,,,,,,,,,,,,,,,,,
B3KUGG1MVI,MAIN_UNIT,,,,,,,,,,,,,,,,,,
B3KUGG1NSI,MAIN_UNIT,,,,,,,,,,,,,,,,,,
B3KUGG1NVI,MAIN_UNIT,,,,,,,,,,,,,,,,,,
B3KUKBB1SI,MAIN_UNIT,,,,,,,,,,,,,,,,,,
B3KUKDKMSI,MAIN_UNIT,,,,,,,,,,,,,,,,,,
B3KUKEGMSI,MAIN_UNIT,,,,,,,,,,,,,,,,,,
B3KUYDKMVI,MAIN_UNIT,,,,,,,,,,,,,,,,,,
B3KUYEGMVI,MAIN_UNIT,,,,,,,,,,,,,,,,,,
DKEYMG613FM04,MAIN_UNIT,,,,,,,,,,,,,,,,,,
2MDLTPBM2100-2,MAIN_UNIT,,,,,,,,,,,,,,,,,,
2MDLTPR2150B-2,MAIN_UNIT,,,,,,,,,,,,,,,,,,
513C65B0M05,MAIN_UNIT,,,,,,,,,,,,,,,,,,
515C96022M14,MAIN_UNIT,,,,,,,,,,,,,,,,,,
515C96022M20,MAIN_UNIT,,,,,,,,,,,,,,,,,,
515C96120M14,MAIN_UNIT,,,,,,,,,,,,,,,,,,
540YMT76634,MAIN_UNIT,,,,,,,,,,,,,,,,,,
6M00003D6VB-ET,MAIN_UNIT,,,,,,,,,,,,,,,,,,
6M00003D6VD-ET,MAIN_UNIT,,,,,,,,,,,,,,,,,,
92L36101711011,MAIN_UNIT,,,,,,,,,,,,,,,,,,
92L7011389MH11,MAIN_UNIT,,,,,,,,,,,,,,,,,,
92L7011389MH12,MAIN_UNIT,,,,,,,,,,,,,,,,,,
92LPWB7914MANS,MAIN_UNIT,,,,,,,,,,,,,,,,,,
92LPWB8097MANS,MAIN_UNIT,,,,,,,,,,,,,,,,,,
92LPWB8106MANS,MAIN_UNIT,,,,,,,,,,,,,,,,,,
92LPWB8267MANS,MAIN_UNIT,,,,,,,,,,,,,,,,,,
92LPWB8316MANS,MAIN_UNIT,,,,,,,,,,,,,,,,,,
92LPWB8336MANS,MAIN_UNIT,,,,,,,,,,,,,,,,,,
92LPWB8675MANS,MAIN_UNIT,,,,,,,,,,,,,,,,,,
92LPWB8679MANS,MAIN_UNIT,,,,,,,,,,,,,,,,,,
92LPWB8680MANS,MAIN_UNIT,,,,,,,,,,,,,,,,,,
92LPWB8696MANS,MAIN_UNIT,,,,,,,,,,,,,,,,,,
92LPWB8877MANS,MAIN_UNIT,,,,,,,,,,,,,,,,,,
92LPWB8891MANS,MAIN_UNIT,,,,,,,,,,,,,,,,,,
92LPWB8945MANS,MAIN_UNIT,,,,,,,,,,,,,,,,,,
92LPWB8974MANS,MAIN_UNIT,,,,,,,,,,,,,,,,,,
92LPWB9156MANS,MAIN_UNIT,,,,,,,,,,,,,,,,,,
92LPWB9185MANS,MAIN_UNIT,,,,,,,,,,,,,,,,,,
92LPWB9287MANS,MAIN_UNIT,,,,,,,,,,,,,,,,,,
9ACID5520M14,MAIN_UNIT,,,,,,,,,,,,,,,,,,
9ACID5570M10,MAIN_UNIT,,,,,,,,,,,,,,,,,,
9ACID55CM051,MAIN_UNIT,,,,,,,,,,,,,,,,,,
9ACID55CM052,MAIN_UNIT,,,,,,,,,,,,,,,,,,
9ACID55CM054,MAIN_UNIT,,,,,,,,,,,,,,,,,,
9ACID55OC004,MAIN_UNIT,,,,,,,,,,,,,,,,,,
9ACID7500M01,MAIN_UNIT,,,,,,,,,,,,,,,,,,
9ACID7520M14,MAIN_UNIT,,,,,,,,,,,,,,,,,,
9JD1564200013,MAIN_UNIT,,,,,,,,,,,,,,,,,,
9JD1564200042,MAIN_UNIT,,,,,,,,,,,,,,,,,,
9JD1564229LE,MAIN_UNIT,,,,,,,,,,,,,,,,,,
9JD15642-39LE,MAIN_UNIT,,,,,,,,,,,,,,,,,,
9JRMY9900000A,MAIN_UNIT,,,,,,,,,,,,,,,,,,
9JRMY9900000B,MAIN_UNIT,,,,,,,,,,,,,,,,,,
9JRMYNEW0037A,MAIN_UNIT,,,,,,,,,,,,,,,,,,
9JRMYNEW0037B,MAIN_UNIT,,,,,,,,,,,,,,,,,,
9JRMYNEW0037C,MAIN_UNIT,,,,,,,,,,,,,,,,,,
9JRMYNEW0131B,MAIN_UNIT,,,,,,,,,,,,,,,,,,
9JRMYNEW0131C,MAIN_UNIT,,,,,,,,,,,,,,,,,,
9JRMYNEW02005,MAIN_UNIT,,,,,,,,,,,,,,,,,,
9JRMYNEW02207,MAIN_UNIT,,,,,,,,,,,,,,,,,,
9JRMYNEW0220A,MAIN_UNIT,,,,,,,,,,,,,,,,,,
9JRMYNEW0233B,MAIN_UNIT,,,,,,,,,,,,,,,,,,
9KB5604072G31,MAIN_UNIT,,,,,,,,,,,,,,,,,,
9KB5607242011,MAIN_UNIT,,,,,,,,,,,,,,,,,,
9KB9173H10004G,MAIN_UNIT,,,,,,,,,,,,,,,,,,
9KB9173H10103G,MAIN_UNIT,,,,,,,,,,,,,,,,,,
9KB9173H10108G,MAIN_UNIT,,,,,,,,,,,,,,,,,,
9KB9173H10203G,MAIN_UNIT,,,,,,,,,,,,,,,,,,
9KB9173H10206G,MAIN_UNIT,,,,,,,,,,,,,,,,,,
9RATLA751WJ20,MAIN_UNIT,,,,,,,,,,,,,,,,,,
9RAUE170I,MAIN_UNIT,,,,,,,,,,,,,,,,,,
9RAUE175I,MAIN_UNIT,,,,,,,,,,,,,,,,,,
9RAUE185I,MAIN_UNIT,,,,,,,,,,,,,,,,,,
9RAUEA4101,MAIN_UNIT,,,,,,,,,,,,,,,,,,
9RAUEDCBVI,MAIN_UNIT,,,,,,,,,,,,,,,,,,
9RAUG180C1,MAIN_UNIT,,,,,,,,,,,,,,,,,,
9RAUG180S1,MAIN_UNIT,,,,,,,,,,,,,,,,,,
9RAUG180V1,MAIN_UNIT,,,,,,,,,,,,,,,,,,
9RAUG260C1,MAIN_UNIT,,,,,,,,,,,,,,,,,,
9RAUG295S1,MAIN_UNIT,,,,,,,,,,,,,,,,,,
9RAUGA41A1,MAIN_UNIT,,,,,,,,,,,,,,,,,,
9RAUGA42AI,MAIN_UNIT,,,,,,,,,,,,,,,,,,
9RAUGA42SI,MAIN_UNIT,,,,,,,,,,,,,,,,,,
9RAUGA45SI,MAIN_UNIT,,,,,,,,,,,,,,,,,,
9RAUGBA1SI,MAIN_UNIT,,,,,,,,,,,,,,,,,,
9RAUGBG1SI,MAIN_UNIT,,,,,,,,,,,,,,,,,,
9RAUGBG1VI,MAIN_UNIT,,,,,,,,,,,,,,,,,,
9RAUGD28SI,MAIN_UNIT,,,,,,,,,,,,,,,,,,
9RAUGDCBSI,MAIN_UNIT,,,,,,,,,,,,,,,,,,
9RAUGDCBVI,MAIN_UNIT,,,,,,,,,,,,,,,,,,
9RAUGDCMVI,MAIN_UNIT,,,,,,,,,,,,,,,,,,
9RAUGEGMVI,MAIN_UNIT,,,,,,,,,,,,,,,,,,
9RAUGG1NSI,MAIN_UNIT,,,,,,,,,,,,,,,,,,
9RAUJ1851,MAIN_UNIT,,,,,,,,,,,,,,,,,,
9RAUJ2951,MAIN_UNIT,,,,,,,,,,,,,,,,,,
9RAUJA511,MAIN_UNIT,,,,,,,,,,,,,,,,,,
9RAUJA521,MAIN_UNIT,,,,,,,,,,,,,,,,,,
9RAUJAE1SI,MAIN_UNIT,,,,,,,,,,,,,,,,,,
9RAUKBB1SI,MAIN_UNIT,,,,,,,,,,,,,,,,,,
9RAUKBD1SI,MAIN_UNIT,,,,,,,,,,,,,,,,,,
9RAUKBG1SI,MAIN_UNIT,,,,,,,,,,,,,,,,,,
9RAUKDFMSI,MAIN_UNIT,,,,,,,,,,,,,,,,,,
9RAUKDKMSI,MAIN_UNIT,,,,,,,,,,,,,,,,,,
9RAUKEGNSI,MAIN_UNIT,,,,,,,,,,,,,,,,,,
9RAUKFDMSI,MAIN_UNIT,,,,,,,,,,,,,,,,,,
9RAUKFGMSI,MAIN_UNIT,,,,,,,,,,,,,,,,,,
9RAUKFKMSI,MAIN_UNIT,,,,,,,,,,,,,,,,,,
9RAUYBG1VI,MAIN_UNIT,,,,,,,,,,,,,,,,,,
9RAUYDKMVI,MAIN_UNIT,,,,,,,,,,,,,,,,,,
9RAUYFKMVI,MAIN_UNIT,,,,,,,,,,,,,,,,,,
9RAYMF998FMG4,MAIN_UNIT,,,,,,,,,,,,,,,,,,
9RAYMF998FMG8,MAIN_UNIT,,,,,,,,,,,,,,,,,,
9RAYMG261FM04,MAIN_UNIT,,,,,,,,,,,,,,,,,,
9RAYMG310FM01,MAIN_UNIT,,,,,,,,,,,,,,,,,,
9RAYMG311FM01,MAIN_UNIT,,,,,,,,,,,,,,,,,,
9RAYMG464FM01,MAIN_UNIT,,,,,,,,,,,,,,,,,,
9RAYMG486FM01,MAIN_UNIT,,,,,,,,,,,,,,,,,,
9RAYMG486FM09,MAIN_UNIT,,,,,,,,,,,,,,,,,,
9RAYMG492FM01,MAIN_UNIT,,,,,,,,,,,,,,,,,,
9RAYMG492FM03,MAIN_UNIT,,,,,,,,,,,,,,,,,,
9RAYMG492FM05,MAIN_UNIT,,,,,,,,,,,,,,,,,,
9RAYMG613FM04,MAIN_UNIT,,,,,,,,,,,,,,,,,,
9RAYMG706FM01,MAIN_UNIT,,,,,,,,,,,,,,,,,,
9RAYMG706FM02,MAIN_UNIT,,,,,,,,,,,,,,,,,,
9RAYMG707FM03,MAIN_UNIT,,,,,,,,,,,,,,,,,,
9RAYMG713FMG2,MAIN_UNIT,,,,,,,,,,,,,,,,,,
9RAYMG737FM02,MAIN_UNIT,,,,,,,,,,,,,,,,,,
9RAYMG738FM04,MAIN_UNIT,,,,,,,,,,,,,,,,,,
9RAYMG762FMG3,MAIN_UNIT,,,,,,,,,,,,,,,,,,
9RAYMH188FM13,MAIN_UNIT,,,,,,,,,,,,,,,,,,
9TAHJ6000IM008,MAIN_UNIT,,,,,,,,,,,,,,,,,,
9TAHJ6000IP006,MAIN_UNIT,,,,,,,,,,,,,,,,,,
9TAHL6500IP006,MAIN_UNIT,,,,,,,,,,,,,,,,,,
9TAHU8500CP005,MAIN_UNIT,,,,,,,,,,,,,,,,,,
A3KUGM471I2,MAIN_UNIT,,,,,,,,,,,,,,,,,,
B211-MAIN-DJ,MAIN_UNIT,,,,,,,,,,,,,,,,,,
B3KU2H65AI,MAIN_UNIT,,,,,,,,,,,,,,,,,,
B3KUE107I2,MAIN_UNIT,,,,,,,,,,,,,,,,,,
B3KUE157I2,MAIN_UNIT,,,,,,,,,,,,,,,,,,
B3KUE170I,MAIN_UNIT,,,,,,,,,,,,,,,,,,
B3KUE175I,MAIN_UNIT,,,,,,,,,,,,,,,,,,
B3KUEA4001,MAIN_UNIT,,,,,,,,,,,,,,,,,,
B3KUEA4101,MAIN_UNIT,,,,,,,,,,,,,,,,,,
B3KUECB3VI,MAIN_UNIT,,,,,,,,,,,,,,,,,,
B3KUEDCBVI,MAIN_UNIT,,,,,,,,,,,,,,,,,,
B3KUEDDBVI,MAIN_UNIT,,,,,,,,,,,,,,,,,,
B3KUEDDMVI,MAIN_UNIT,,,,,,,,,,,,,,,,,,
B3KUEG1NVI,MAIN_UNIT,,,,,,,,,,,,,,,,,,
B3KUG107SI,MAIN_UNIT,,,,,,,,,,,,,,,,,,
B3KUG180C1,MAIN_UNIT,,,,,,,,,,,,,,,,,,
B3KUG180S1,MAIN_UNIT,,,,,,,,,,,,,,,,,,
B3KUG180V1,MAIN_UNIT,,,,,,,,,,,,,,,,,,
B3KUG185S1,MAIN_UNIT,,,,,,,,,,,,,,,,,,
B3KUG260C1,MAIN_UNIT,,,,,,,,,,,,,,,,,,
B3KUG265C1,MAIN_UNIT,,,,,,,,,,,,,,,,,,
B3KUG265S1,MAIN_UNIT,,,,,,,,,,,,,,,,,,
B3KUG295S1,MAIN_UNIT,,,,,,,,,,,,,,,,,,
B3KUG295V1,MAIN_UNIT,,,,,,,,,,,,,,,,,,
B3KUG37C1I,MAIN_UNIT,,,,,,,,,,,,,,,,,,
B3KUG37PI2,MAIN_UNIT,,,,,,,,,,,,,,,,,,
B3KUG37S1I,MAIN_UNIT,,,,,,,,,,,,,,,,,,
B3KUGA41A1,MAIN_UNIT,,,,,,,,,,,,,,,,,,
B3KUGA41SI,MAIN_UNIT,,,,,,,,,,,,,,,,,,
B3KUGA41WI,MAIN_UNIT,,,,,,,,,,,,,,,,,,
B3KUGA42A1,MAIN_UNIT,,,,,,,,,,,,,,,,,,
B3KUGA42SI,MAIN_UNIT,,,,,,,,,,,,,,,,,,
B3KUGA42WI,MAIN_UNIT,,,,,,,,,,,,,,,,,,
B3KUGA45A1,MAIN_UNIT,,,,,,,,,,,,,,,,,,
B3KUGA45SI,MAIN_UNIT,,,,,,,,,,,,,,,,,,
B3KUGA45WI,MAIN_UNIT,,,,,,,,,,,,,,,,,,
B3KUGBA1SI,MAIN_UNIT,,,,,,,,,,,,,,,,,,
B3KUGBA1VI,MAIN_UNIT,,,,,,,,,,,,,,,,,,
B3KUGBB1SI,MAIN_UNIT,,,,,,,,,,,,,,,,,,
B3KUGBD1SI,MAIN_UNIT,,,,,,,,,,,,,,,,,,
B3KUGBD1WI,MAIN_UNIT,,,,,,,,,,,,,,,,,,
B3KUGBG1VI,MAIN_UNIT,,,,,,,,,,,,,,,,,,
B3KUGD28C1,MAIN_UNIT,,,,,,,,,,,,,,,,,,
B3KUGD28SI,MAIN_UNIT,,,,,,,,,,,,,,,,,,
B3KUGDCBSI,MAIN_UNIT,,,,,,,,,,,,,,,,,,
B3KUGDCBVI,MAIN_UNIT,,,,,,,,,,,,,,,,,,
B3KUGDCMVI,MAIN_UNIT,,,,,,,,,,,,,,,,,,
B3KUGDDBSI,MAIN_UNIT,,,,,,,,,,,,,,,,,,
B3KUGDDBVI,MAIN_UNIT,,,,,,,,,,,,,,,,,,
B3KUGDDMVI,MAIN_UNIT,,,,,,,,,,,,,,,,,,
B3KUGDFMSI,MAIN_UNIT,,,,,,,,,,,,,,,,,,
B3KUGDFMVI,MAIN_UNIT,,,,,,,,,,,,,,,,,,
B3KUGEGMSI,MAIN_UNIT,,,,,,,,,,,,,,,,,,
B3KUJ1851,MAIN_UNIT,,,,,,,,,,,,,,,,,,
B3KUJ2951,MAIN_UNIT,,,,,,,,,,,,,,,,,,
B3KUJA511,MAIN_UNIT,,,,,,,,,,,,,,,,,,
B3KUJA521,MAIN_UNIT,,,,,,,,,,,,,,,,,,
B3KUJA551,MAIN_UNIT,,,,,,,,,,,,,,,,,,
B3KUJAE1SI,MAIN_UNIT,,,,,,,,,,,,,,,,,,
B3KUKBD1SI,MAIN_UNIT,,,,,,,,,,,,,,,,,,
B3KUKBG1SI,MAIN_UNIT,,,,,,,,,,,,,,,,,,
B3KUKDDMSI,MAIN_UNIT,,,,,,,,,,,,,,,,,,
B3KUKDDNSI,MAIN_UNIT,,,,,,,,,,,,,,,,,,
B3KUKDFMSI,MAIN_UNIT,,,,,,,,,,,,,,,,,,
B3KUKEGNSI,MAIN_UNIT,,,,,,,,,,,,,,,,,,
B3KUKFDMSI,MAIN_UNIT,,,,,,,,,,,,,,,,,,
B3KUKFGMSI,MAIN_UNIT,,,,,,,,,,,,,,,,,,
B3KUKFKMSI,MAIN_UNIT,,,,,,,,,,,,,,,,,,
B3KUPH65AI,MAIN_UNIT,,,,,,,,,,,,,,,,,,
B3KUSH60AI,MAIN_UNIT,,,,,,,,,,,,,,,,,,
B3KUSH65AI,MAIN_UNIT,,,,,,,,,,,,,,,,,,
B3KUYAD1VI,MAIN_UNIT,,,,,,,,,,,,,,,,,,
B3KUYAE1VI,MAIN_UNIT,,,,,,,,,,,,,,,,,,
B3KUYBG1VI,MAIN_UNIT,,,,,,,,,,,,,,,,,,
B3KUYBK1VI,MAIN_UNIT,,,,,,,,,,,,,,,,,,
B3KUYDFMVI,MAIN_UNIT,,,,,,,,,,,,,,,,,,
B3KUYFKMVI,MAIN_UNIT,,,,,,,,,,,,,,,,,,
B3KUYH60AI,MAIN_UNIT,,,,,,,,,,,,,,,,,,
B3KUYH65AI,MAIN_UNIT,,,,,,,,,,,,,,,,,,
B3KUZH60AI,MAIN_UNIT,,,,,,,,,,,,,,,,,,
CPWBX1129MP57,MAIN_UNIT,,,,,,,,,,,,,,,,,,
DKEY22M06FM01,MAIN_UNIT,,,,,,,,,,,,,,,,,,
DKEY22M06FM02,MAIN_UNIT,,,,,,,,,,,,,,,,,,
DKEY22M06FM03,MAIN_UNIT,,,,,,,,,,,,,,,,,,
DKEY22M06FM04,MAIN_UNIT,,,,,,,,,,,,,,,,,,
DKEY22M06FM11,MAIN_UNIT,,,,,,,,,,,,,,,,,,
DKEYMA782FM03,MAIN_UNIT,,,,,,,,,,,,,,,,,,
DKEYMA808FM01,MAIN_UNIT,,,,,,,,,,,,,,,,,,
DKEYMA812FM01,MAIN_UNIT,,,,,,,,,,,,,,,,,,
DKEYMA857FM01,MAIN_UNIT,,,,,,,,,,,,,,,,,,
DKEYMA901FM01,MAIN_UNIT,,,,,,,,,,,,,,,,,,
DKEYMF452FM51,MAIN_UNIT,,,,,,,,,,,,,,,,,,
DKEYMF452FM52,MAIN_UNIT,,,,,,,,,,,,,,,,,,
DKEYMF452FM53,MAIN_UNIT,,,,,,,,,,,,,,,,,,
DKEYMF537FM02,MAIN_UNIT,,,,,,,,,,,,,,,,,,
DKEYMF537FM04,MAIN_UNIT,,,,,,,,,,,,,,,,,,
DKEYMF537FM08,MAIN_UNIT,,,,,,,,,,,,,,,,,,
DKEYMF541FM02,MAIN_UNIT,,,,,,,,,,,,,,,,,,
DKEYMF541FM06,MAIN_UNIT,,,,,,,,,,,,,,,,,,
DKEYMF612FM51,MAIN_UNIT,,,,,,,,,,,,,,,,,,
DKEYMF733FMF8,MAIN_UNIT,,,,,,,,,,,,,,,,,,
DKEYMF733FMG1,MAIN_UNIT,,,,,,,,,,,,,,,,,,
DKEYMF733FMG3,MAIN_UNIT,,,,,,,,,,,,,,,,,,
DKEYMF733FMG5,MAIN_UNIT,,,,,,,,,,,,,,,,,,
DKEYMF733FMJ3,MAIN_UNIT,,,,,,,,,,,,,,,,,,
DKEYMF733FMJ6,MAIN_UNIT,,,,,,,,,,,,,,,,,,
DKEYMF733FMJ8,MAIN_UNIT,,,,,,,,,,,,,,,,,,
DKEYMF733FMK1,MAIN_UNIT,,,,,,,,,,,,,,,,,,
DKEYMF733FMK3,MAIN_UNIT,,,,,,,,,,,,,,,,,,
DKEYMF733FMK6,MAIN_UNIT,,,,,,,,,,,,,,,,,,
DKEYMF878FM01,MAIN_UNIT,,,,,,,,,,,,,,,,,,
DKEYMF878FM03,MAIN_UNIT,,,,,,,,,,,,,,,,,,
DKEYMF880FM03,MAIN_UNIT,,,,,,,,,,,,,,,,,,
DKEYMF904FM10,MAIN_UNIT,,,,,,,,,,,,,,,,,,
DKEYMF904FMG1,MAIN_UNIT,,,,,,,,,,,,,,,,,,
DKEYMF904FMG4,MAIN_UNIT,,,,,,,,,,,,,,,,,,
DKEYMF904FMG7,MAIN_UNIT,,,,,,,,,,,,,,,,,,
DKEYMF953FMF9,MAIN_UNIT,,,,,,,,,,,,,,,,,,
DKEYMF953FMG1,MAIN_UNIT,,,,,,,,,,,,,,,,,,
DKEYMF953FMG2,MAIN_UNIT,,,,,,,,,,,,,,,,,,
DKEYMF953FMG3,MAIN_UNIT,,,,,,,,,,,,,,,,,,
DKEYMF953FMH2,MAIN_UNIT,,,,,,,,,,,,,,,,,,
DKEYMF953FMJ6,MAIN_UNIT,,,,,,,,,,,,,,,,,,
DKEYMF998FMG5,MAIN_UNIT,,,,,,,,,,,,,,,,,,
DKEYMF998FMG7,MAIN_UNIT,,,,,,,,,,,,,,,,,,
DKEYMF998FMG8,MAIN_UNIT,,,,,,,,,,,,,,,,,,
DKEYMF998FMJ8,MAIN_UNIT,,,,,,,,,,,,,,,,,,
DKEYMF998FMK4,MAIN_UNIT,,,,,,,,,,,,,,,,,,
DKEYMF998FMKA,MAIN_UNIT,,,,,,,,,,,,,,,,,,
DKEYMF998FMKB,MAIN_UNIT,,,,,,,,,,,,,,,,,,
DKEYMG073FM01,MAIN_UNIT,,,,,,,,,,,,,,,,,,
DKEYMG073FM02,MAIN_UNIT,,,,,,,,,,,,,,,,,,
DKEYMG128FM01,MAIN_UNIT,,,,,,,,,,,,,,,,,,
DKEYMG165FM01,MAIN_UNIT,,,,,,,,,,,,,,,,,,
DKEYMG216FMG1,MAIN_UNIT,,,,,,,,,,,,,,,,,,
DKEYMG216FMG2,MAIN_UNIT,,,,,,,,,,,,,,,,,,
DKEYMG247FM01,MAIN_UNIT,,,,,,,,,,,,,,,,,,
DKEYMG253FM01,MAIN_UNIT,,,,,,,,,,,,,,,,,,
DKEYMG253FM05,MAIN_UNIT,,,,,,,,,,,,,,,,,,
DKEYMG253FM06,MAIN_UNIT,,,,,,,,,,,,,,,,,,
DKEYMG253FM08,MAIN_UNIT,,,,,,,,,,,,,,,,,,
DKEYMG253FM09,MAIN_UNIT,,,,,,,,,,,,,,,,,,
DKEYMG260FM02,MAIN_UNIT,,,,,,,,,,,,,,,,,,
DKEYMG260FM04,MAIN_UNIT,,,,,,,,,,,,,,,,,,
DKEYMG260FM05,MAIN_UNIT,,,,,,,,,,,,,,,,,,
DKEYMG260FM07,MAIN_UNIT,,,,,,,,,,,,,,,,,,
DKEYMG260FM09,MAIN_UNIT,,,,,,,,,,,,,,,,,,
DKEYMG261FM01,MAIN_UNIT,,,,,,,,,,,,,,,,,,
DKEYMG261FM02,MAIN_UNIT,,,,,,,,,,,,,,,,,,
DKEYMG261FM04,MAIN_UNIT,,,,,,,,,,,,,,,,,,
DKEYMG261FM08,MAIN_UNIT,,,,,,,,,,,,,,,,,,
DKEYMG310FM01,MAIN_UNIT,,,,,,,,,,,,,,,,,,
DKEYMG310FM03,MAIN_UNIT,,,,,,,,,,,,,,,,,,
DKEYMG311FM01,MAIN_UNIT,,,,,,,,,,,,,,,,,,
DKEYMG311FM02,MAIN_UNIT,,,,,,,,,,,,,,,,,,
DKEYMG372FM01,MAIN_UNIT,,,,,,,,,,,,,,,,,,
DKEYMG372FM03,MAIN_UNIT,,,,,,,,,,,,,,,,,,
DKEYMG380FMG1,MAIN_UNIT,,,,,,,,,,,,,,,,,,
DKEYMG380FMG2,MAIN_UNIT,,,,,,,,,,,,,,,,,,
DKEYMG380FMG3,MAIN_UNIT,,,,,,,,,,,,,,,,,,
DKEYMG380FMG4,MAIN_UNIT,,,,,,,,,,,,,,,,,,
DKEYMG455FM01,MAIN_UNIT,,,,,,,,,,,,,,,,,,
DKEYMG455FM04,MAIN_UNIT,,,,,,,,,,,,,,,,,,
DKEYMG455FM07,MAIN_UNIT,,,,,,,,,,,,,,,,,,
DKEYMG455FM10,MAIN_UNIT,,,,,,,,,,,,,,,,,,
DKEYMG455FM14,MAIN_UNIT,,,,,,,,,,,,,,,,,,
DKEYMG464FM01,MAIN_UNIT,,,,,,,,,,,,,,,,,,
DKEYMG486FM01,MAIN_UNIT,,,,,,,,,,,,,,,,,,
DKEYMG486FM04,MAIN_UNIT,,,,,,,,,,,,,,,,,,
DKEYMG486FM09,MAIN_UNIT,,,,,,,,,,,,,,,,,,
DKEYMG492FM01,MAIN_UNIT,,,,,,,,,,,,,,,,,,
DKEYMG492FM03,MAIN_UNIT,,,,,,,,,,,,,,,,,,
DKEYMG492FM05,MAIN_UNIT,,,,,,,,,,,,,,,,,,
DKEYMG503FM01,MAIN_UNIT,,,,,,,,,,,,,,,,,,
DKEYMG503FM02,MAIN_UNIT,,,,,,,,,,,,,,,,,,
DKEYMG503FM03,MAIN_UNIT,,,,,,,,,,,,,,,,,,
DKEYMG506FMG1,MAIN_UNIT,,,,,,,,,,,,,,,,,,
DKEYMG506FMG2,MAIN_UNIT,,,,,,,,,,,,,,,,,,
DKEYMG506FMG4,MAIN_UNIT,,,,,,,,,,,,,,,,,,
DKEYMG506FMG6,MAIN_UNIT,,,,,,,,,,,,,,,,,,
DKEYMG506FMGB,MAIN_UNIT,,,,,,,,,,,,,,,,,,
DKEYMG612FM06,MAIN_UNIT,,,,,,,,,,,,,,,,,,
DKEYMG612FM07,MAIN_UNIT,,,,,,,,,,,,,,,,,,
DKEYMG613FM05,MAIN_UNIT,,,,,,,,,,,,,,,,,,
DKEYMG613FM06,MAIN_UNIT,,,,,,,,,,,,,,,,,,
DKEYMG613FM07,MAIN_UNIT,,,,,,,,,,,,,,,,,,
DKEYMG613FM11,MAIN_UNIT,,,,,,,,,,,,,,,,,,
DKEYMG654FMG2,MAIN_UNIT,,,,,,,,,,,,,,,,,,
DKEYMG654FMG4,MAIN_UNIT,,,,,,,,,,,,,,,,,,
DKEYMG659FM01,MAIN_UNIT,,,,,,,,,,,,,,,,,,
DKEYMG665FM01,MAIN_UNIT,,,,,,,,,,,,,,,,,,
DKEYMG665FM03,MAIN_UNIT,,,,,,,,,,,,,,,,,,
DKEYMG706FM01,MAIN_UNIT,,,,,,,,,,,,,,,,,,
DKEYMG706FM02,MAIN_UNIT,,,,,,,,,,,,,,,,,,
DKEYMG707FM01,MAIN_UNIT,,,,,,,,,,,,,,,,,,
DKEYMG707FM03,MAIN_UNIT,,,,,,,,,,,,,,,,,,
DKEYMG713FMG2,MAIN_UNIT,,,,,,,,,,,,,,,,,,
DKEYMG713FMG9,MAIN_UNIT,,,,,,,,,,,,,,,,,,
DKEYMG737FM02,MAIN_UNIT,,,,,,,,,,,,,,,,,,
DKEYMG737FM04,MAIN_UNIT,,,,,,,,,,,,,,,,,,
DKEYMG737FM06,MAIN_UNIT,,,,,,,,,,,,,,,,,,
DKEYMG738FM02,MAIN_UNIT,,,,,,,,,,,,,,,,,,
DKEYMG738FM03,MAIN_UNIT,,,,,,,,,,,,,,,,,,
DKEYMG738FM04,MAIN_UNIT,,,,,,,,,,,,,,,,,,
DKEYMG762FM02,MAIN_UNIT,,,,,,,,,,,,,,,,,,
DKEYMG762FM09,MAIN_UNIT,,,,,,,,,,,,,,,,,,
DKEYMG762FM17,MAIN_UNIT,,,,,,,,,,,,,,,,,,
DKEYMG762FMG3,MAIN_UNIT,,,,,,,,,,,,,,,,,,
DKEYMG763FMG5,MAIN_UNIT,,,,,,,,,,,,,,,,,,
DKEYMG765FMG2,MAIN_UNIT,,,,,,,,,,,,,,,,,,
DKEYMG775FM01,MAIN_UNIT,,,,,,,,,,,,,,,,,,
DKEYMG775FM02,MAIN_UNIT,,,,,,,,,,,,,,,,,,
DKEYMG775FM03,MAIN_UNIT,,,,,,,,,,,,,,,,,,
DKEYMG776FM02,MAIN_UNIT,,,,,,,,,,,,,,,,,,
DKEYMG776FM03,MAIN_UNIT,,,,,,,,,,,,,,,,,,
DKEYMG776FM04,MAIN_UNIT,,,,,,,,,,,,,,,,,,
DKEYMG776FM10,MAIN_UNIT,,,,,,,,,,,,,,,,,,
DKEYMG776FM11,MAIN_UNIT,,,,,,,,,,,,,,,,,,
DKEYMG782FMG1,MAIN_UNIT,,,,,,,,,,,,,,,,,,
DKEYMG782FMG2,MAIN_UNIT,,,,,,,,,,,,,,,,,,
DKEYMG782FMG3,MAIN_UNIT,,,,,,,,,,,,,,,,,,
DKEYMG782FMG7,MAIN_UNIT,,,,,,,,,,,,,,,,,,
DKEYMG797FM01,MAIN_UNIT,,,,,,,,,,,,,,,,,,
DKEYMG820FM03,MAIN_UNIT,,,,,,,,,,,,,,,,,,
DKEYMG860FM22,MAIN_UNIT,,,,,,,,,,,,,,,,,,
DKEYMG860FM23,MAIN_UNIT,,,,,,,,,,,,,,,,,,
DKEYMG860FM33,MAIN_UNIT,,,,,,,,,,,,,,,,,,
DKEYMG885FM03,MAIN_UNIT,,,,,,,,,,,,,,,,,,
DKEYMG885FM11,MAIN_UNIT,,,,,,,,,,,,,,,,,,
DKEYMG912FM01,MAIN_UNIT,,,,,,,,,,,,,,,,,,
DKEYMG913FM01,MAIN_UNIT,,,,,,,,,,,,,,,,,,
DKEYMG916FM01,MAIN_UNIT,,,,,,,,,,,,,,,,,,
DKEYMG924FM01,MAIN_UNIT,,,,,,,,,,,,,,,,,,
DKEYMG924FM02,MAIN_UNIT,,,,,,,,,,,,,,,,,,
DKEYMG986FM06,MAIN_UNIT,,,,,,,,,,,,,,,,,,
DKEYMG986FM10,MAIN_UNIT,,,,,,,,,,,,,,,,,,
DKEYMG986FM24,MAIN_UNIT,,,,,,,,,,,,,,,,,,
DKEYMG986FM36,MAIN_UNIT,,,,,,,,,,,,,,,,,,
DKEYMG986FM52,MAIN_UNIT,,,,,,,,,,,,,,,,,,
DKEYMH074FM01,MAIN_UNIT,,,,,,,,,,,,,,,,,,
DKEYMH143FM03,MAIN_UNIT,,,,,,,,,,,,,,,,,,
DKEYMH143FM09,MAIN_UNIT,,,,,,,,,,,,,,,,,,
DKEYMH144FM06,MAIN_UNIT,,,,,,,,,,,,,,,,,,
DKEYMH154FM03,MAIN_UNIT,,,,,,,,,,,,,,,,,,
DKEYMH188FM03,MAIN_UNIT,,,,,,,,,,,,,,,,,,
DKEYMH188FM13,MAIN_UNIT,,,,,,,,,,,,,,,,,,
DKEYMH188FM33,MAIN_UNIT,,,,,,,,,,,,,,,,,,
DKEYMH188FM43,MAIN_UNIT,,,,,,,,,,,,,,,,,,
DKEYMH188FM53,MAIN_UNIT,,,,,,,,,,,,,,,,,,
DKEYMH210FM06,MAIN_UNIT,,,,,,,,,,,,,,,,,,
DKEYMH210FM13,MAIN_UNIT,,,,,,,,,,,,,,,,,,
DKEYMH322FM03,MAIN_UNIT,,,,,,,,,,,,,,,,,,
DKEYMH322FM32,MAIN_UNIT,,,,,,,,,,,,,,,,,,
DKEYMH322FM43,MAIN_UNIT,,,,,,,,,,,,,,,,,,
DKEYMH322FM62,MAIN_UNIT,,,,,,,,,,,,,,,,,,
DKEYMH322FM76,MAIN_UNIT,,,,,,,,,,,,,,,,,,
DKEYMH329FM03,MAIN_UNIT,,,,,,,,,,,,,,,,,,
DUNTKE508FM11,MAIN_UNIT,,,,,,,,,,,,,,,,,,
DUNTKE683FM05,MAIN_UNIT,,,,,,,,,,,,,,,,,,
DUNTKE852FM02,MAIN_UNIT,,,,,,,,,,,,,,,,,,
DUNTKF064FM02,MAIN_UNIT,,,,,,,,,,,,,,,,,,
DUNTKF067FM05,MAIN_UNIT,,,,,,,,,,,,,,,,,,
DUNTKF227FMA2,MAIN_UNIT,,,,,,,,,,,,,,,,,,
DUNTKF227FMB2,MAIN_UNIT,,,,,,,,,,,,,,,,,,
DUNTKF452FM52,MAIN_UNIT,,,,,,,,,,,,,,,,,,
DUNTKF800FMF8,MAIN_UNIT,,,,,,,,,,,,,,,,,,
DUNTKF879WE01,MAIN_UNIT,,,,,,,,,,,,,,,,,,
DUNTKF906FMG1,MAIN_UNIT,,,,,,,,,,,,,,,,,,
DUNTKF906FMG9,MAIN_UNIT,,,,,,,,,,,,,,,,,,
DUNTKF953FMG3,MAIN_UNIT,,,,,,,,,,,,,,,,,,
DUNTKF961FMF9,MAIN_UNIT,,,,,,,,,,,,,,,,,,
DUNTKF961FMG3,MAIN_UNIT,,,,,,,,,,,,,,,,,,
DUNTKF975FMF8,MAIN_UNIT,,,,,,,,,,,,,,,,,,
DUNTKG073FM03,MAIN_UNIT,,,,,,,,,,,,,,,,,,
DUNTKG261FM02,MAIN_UNIT,,,,,,,,,,,,,,,,,,
DUNTKG477FMG2,MAIN_UNIT,,,,,,,,,,,,,,,,,,
DUNTKG594FM02,MAIN_UNIT,,,,,,,,,,,,,,,,,,
DUNTKG665FM01,MAIN_UNIT,,,,,,,,,,,,,,,,,,
DUNTKG706FM01,MAIN_UNIT,,,,,,,,,,,,,,,,,,
DUNTKG706FM02,MAIN_UNIT,,,,,,,,,,,,,,,,,,
DUNTKG707FM09,MAIN_UNIT,,,,,,,,,,,,,,,,,,
DUNTKG780FM52,MAIN_UNIT,,,,,,,,,,,,,,,,,,
DUNTKG782FM15,MAIN_UNIT,,,,,,,,,,,,,,,,,,
DUNTKG782FMG5,MAIN_UNIT,,,,,,,,,,,,,,,,,,
DUNTKG820FM11,MAIN_UNIT,,,,,,,,,,,,,,,,,,
DUNTKG820FM15,MAIN_UNIT,,,,,,,,,,,,,,,,,,
DUNTKG820FM16,MAIN_UNIT,,,,,,,,,,,,,,,,,,
DUNTKG895FM44,MAIN_UNIT,,,,,,,,,,,,,,,,,,
DUNTKG915FM01,MAIN_UNIT,,,,,,,,,,,,,,,,,,
DUNTKG916FM01,MAIN_UNIT,,,,,,,,,,,,,,,,,,
DUNTKG916FM02,MAIN_UNIT,,,,,,,,,,,,,,,,,,
DUNTKG975FM02,MAIN_UNIT,,,,,,,,,,,,,,,,,,
DUNTKG976FM05,MAIN_UNIT,,,,,,,,,,,,,,,,,,
DUNTKG985FM05,MAIN_UNIT,,,,,,,,,,,,,,,,,,
DUNTKG985FM06,MAIN_UNIT,,,,,,,,,,,,,,,,,,
DUNTKG985FM07,MAIN_UNIT,,,,,,,,,,,,,,,,,,
DUNTKG985FM08,MAIN_UNIT,,,,,,,,,,,,,,,,,,
DUNTKG986FM42,MAIN_UNIT,,,,,,,,,,,,,,,,,,
DUNTKH043FM01,MAIN_UNIT,,,,,,,,,,,,,,,,,,
DUNTKH058FM01,MAIN_UNIT,,,,,,,,,,,,,,,,,,
DUNTKH153FM31,MAIN_UNIT,,,,,,,,,,,,,,,,,,
DUNTKH153FM33,MAIN_UNIT,,,,,,,,,,,,,,,,,,
DUNTKH153FM43,MAIN_UNIT,,,,,,,,,,,,,,,,,,
DUNTKH166FM03,MAIN_UNIT,,,,,,,,,,,,,,,,,,
DUNTKH166FM04,MAIN_UNIT,,,,,,,,,,,,,,,,,,
DUNTKH166FM08,MAIN_UNIT,,,,,,,,,,,,,,,,,,
DUNTKH188FM27,MAIN_UNIT,,,,,,,,,,,,,,,,,,
DUNTKH188FM69,MAIN_UNIT,,,,,,,,,,,,,,,,,,
DUNTKH196FM17,MAIN_UNIT,,,,,,,,,,,,,,,,,,
DUNTKH196FM18,MAIN_UNIT,,,,,,,,,,,,,,,,,,
DUNTKH196FM58,MAIN_UNIT,,,,,,,,,,,,,,,,,,
KSETLA113WJZZ,MAIN_UNIT,,,,,,,,,,,,,,,,,,
KSETLA163WJN1,MAIN_UNIT,,,,,,,,,,,,,,,,,,
KSETLA163WJZZ,MAIN_UNIT,,,,,,,,,,,,,,,,,,
KSETLA234WJZZ,MAIN_UNIT,,,,,,,,,,,,,,,,,,
KSETLA577WJZZ,MAIN_UNIT,,,,,,,,,,,,,,,,,,
KSETLA980WJZZ,MAIN_UNIT,,,,,,,,,,,,,,,,,,
KSETLA985WJZZ,MAIN_UNIT,,,,,,,,,,,,,,,,,,
KSETLA991WJZZ,MAIN_UNIT,,,,,,,,,,,,,,,,,,
KSETLA992WJZZ,MAIN_UNIT,,,,,,,,,,,,,,,,,,
KSETLA998WJZZ,MAIN_UNIT,,,,,,,,,,,,,,,,,,
KSETLB003WJZZ,MAIN_UNIT,,,,,,,,,,,,,,,,,,
KSETLB007WJZZ,MAIN_UNIT,,,,,,,,,,,,,,,,,,
KSETLB354WJZZ,MAIN_UNIT,,,,,,,,,,,,,,,,,,
KSETLB365WJZZ,MAIN_UNIT,,,,,,,,,,,,,,,,,,
KSETLB376WJZZ,MAIN_UNIT,,,,,,,,,,,,,,,,,,
KSETLB689WJZZ,MAIN_UNIT,,,,,,,,,,,,,,,,,,
KSETLB789WJZZ,MAIN_UNIT,,,,,,,,,,,,,,,,,,
QCNW-N692WJZZ,MAIN_UNIT,,,,,,,,,,,,,,,,,,
RDKEYMF537/1M,MAIN_UNIT,,,,,,,,,,,,,,,,,,
RDKEYMF878/1M,MAIN_UNIT,,,,,,,,,,,,,,,,,,
RDKEYMG261/1M,MAIN_UNIT,,,,,,,,,,,,,,,,,,
RLCDSA106DRZZ,MAIN_UNIT,,,,,,,,,,,,,,,,,,
RUNTK4224TPZR,MAIN_UNIT,,,,,,,,,,,,,,,,,,
RUNTKA154WJZZ,MAIN_UNIT,,,,,,,,,,,,,,,,,,
RUNTKA999WJPZ,MAIN_UNIT,,,,,,,,,,,,,,,,,,
RUNTKB094WJPZ,MAIN_UNIT,,,,,,,,,,,,,,,,,,
RUNTKB767WJZZ,MAIN_UNIT,,,,,,,,,,,,,,,,,,
9JQ117300161,MAIN_UNIT_WM,,,,,,,,,,,,,,,,,,
ESTM14-413,MESIN_CUCI,,,,,,,,,,,,,,,,,,
RUNTKC204WJN3,MINI_FPGA,,,,,,,,,,,,,,,,,,
TLABMJ633WJ61,MODEL_LABEL,,,,,,,,,,,,,,,,,,
TLABMJ635WJ61,MODEL_LABEL,,,,,,,,,,,,,,,,,,
TLABMJ637WJ61,MODEL_LABEL,,,,,,,,,,,,,,,,,,
TLABMJ639WJ61,MODEL_LABEL,,,,,,,,,,,,,,,,,,
TLABMJ641WJ61,MODEL_LABEL,,,,,,,,,,,,,,,,,,
TLABMJ643WJ61,MODEL_LABEL,,,,,,,,,,,,,,,,,,
TLABMJ663WJ61,MODEL_LABEL,,,,,,,,,,,,,,,,,,
TLABMJ665WJ61,MODEL_LABEL,,,,,,,,,,,,,,,,,,
TLABMJ667WJ61,MODEL_LABEL,,,,,,,,,,,,,,,,,,
TLABMJ669WJ61,MODEL_LABEL,,,,,,,,,,,,,,,,,,
TLABMJ671WJ61,MODEL_LABEL,,,,,,,,,,,,,,,,,,
TLABMJ673WJ61,MODEL_LABEL,,,,,,,,,,,,,,,,,,
SPAKCK523WJ99,MONARKA_BOX,,,,,,,,,,,,,,,,,,
CMOT-A550JBKZ,MOTOR_AC,,,,,,,,,,,,,,,,,,
9JDA3QQ14Q270,OPERATION_PCB,,,,,,,,,,,,,,,,,,
1080001XV1-ET,OTHER,,,,,,,,,,,,,,,,,,
1747009104-MD,OTHER,,,,,,,,,,,,,,,,,,
3PLPKNHIBKGL47,OTHER,,,,,,,,,,,,,,,,,,
3PSUBT7M4V1K9,OTHER,,,,,,,,,,,,,,,,,,
70C0303732-WP,OTHER,,,,,,,,,,,,,,,,,,
99Y2C4172ASY/,OTHER,,,,,,,,,,,,,,,,,,
9KS1001051142,OTHER,,,,,,,,,,,,,,,,,,
9KS1001075134,OTHER,,,,,,,,,,,,,,,,,,
9KS1001153014,OTHER,,,,,,,,,,,,,,,,,,
9KS7002001119,OTHER,,,,,,,,,,,,,,,,,,
CPNL-A750QBKZ,OTHER,,,,,,,,,,,,,,,,,,
DSGY-G562JBKZ,OTHER,,,,,,,,,,,,,,,,,,
PDRY-D004VRE00,OTHER,,,,,,,,,,,,,,,,,,
PPIPCA003VRE0,OTHER,,,,,,,,,,,,,,,,,,
PPIPVQ004VRE0,OTHER,,,,,,,,,,,,,,,,,,
PREIA004VRE0,OTHER,,,,,,,,,,,,,,,,,,
PREI-A011VRE0,OTHER,,,,,,,,,,,,,,,,,,
PREI-A012VRE0,OTHER,,,,,,,,,,,,,,,,,,
Q40E317-800S,OTHER,,,,,,,,,,,,,,,,,,
QSWTBA009QBZZ,OTHER,,,,,,,,,,,,,,,,,,
R134A,OTHER,,,,,,,,,,,,,,,,,,
R134A-F,OTHER,,,,,,,,,,,,,,,,,,
R3215,OTHER,,,,,,,,,,,,,,,,,,
RHOG-A007VDEZ,OTHER,,,,,,,,,,,,,,,,,,
316SH745UTN02,PANEL,,,,,,,,,,,,,,,,,,
537Q7570044,PANEL,,,,,,,,,,,,,,,,,,
9RADTA521WJZZ,PANEL,,,,,,,,,,,,,,,,,,
CLCDTA521WE17,PANEL,,,,,,,,,,,,,,,,,,
CLCDTA521WE18,PANEL,,,,,,,,,,,,,,,,,,
CLCDTA521WE19,PANEL,,,,,,,,,,,,,,,,,,
CLCDTA562WEB1,PANEL,,,,,,,,,,,,,,,,,,
CLCDTA575WE17,PANEL,,,,,,,,,,,,,,,,,,
CLCDTA700WE27,PANEL,,,,,,,,,,,,,,,,,,
CLCDTA700WE28,PANEL,,,,,,,,,,,,,,,,,,
CLCDTA700WE29,PANEL,,,,,,,,,,,,,,,,,,
CLCDTA701WE05,PANEL,,,,,,,,,,,,,,,,,,
CLCDTA713WE02,PANEL,,,,,,,,,,,,,,,,,,
KSETLB002WJZZ,PANEL,,,,,,,,,,,,,,,,,,
LCDH32LE240M,PANEL,,,,,,,,,,,,,,,,,,
LCDH32LE240M-C,PANEL,,,,,,,,,,,,,,,,,,
R1JE415D3HA20Z,PANEL,,,,,,,,,,,,,,,,,,
R1JE415D3HA4LZ,PANEL,,,,,,,,,,,,,,,,,,
R1JE415R3HA0LN,PANEL,,,,,,,,,,,,,,,,,,
R1LK315T3HC50K,PANEL,,,,,,,,,,,,,,,,,,
R1LQ315T3HC64D,PANEL,,,,,,,,,,,,,,,,,,
RLCDTA520WJZZ,PANEL,,,,,,,,,,,,,,,,,,
RLCDTA521WJZZ,PANEL,,,,,,,,,,,,,,,,,,
RLCDTA701WJN1,PANEL,,,,,,,,,,,,,,,,,,
RLCDTA714WJZZ,PANEL,,,,,,,,,,,,,,,,,,
30446005656MTC,PANEL,,,,,,,,,,,,,,,,,,
30446805541+,PANEL,,,,,,,,,,,,,,,,,,
316CS546UTN02,PANEL,,,,,,,,,,,,,,,,,,
316JR645R33,PANEL,,,,,,,,,,,,,,,,,,
316JR745R33,PANEL,,,,,,,,,,,,,,,,,,
316SH645UTN04,PANEL,,,,,,,,,,,,,,,,,,
316ST5461D4,PANEL,,,,,,,,,,,,,,,,,,
316V500DJ74,PANEL,,,,,,,,,,,,,,,,,,
513YV550DJ1,PANEL,,,,,,,,,,,,,,,,,,
537Q5070078,PANEL,,,,,,,,,,,,,,,,,,
537Q5572043,PANEL,,,,,,,,,,,,,,,,,,
537Q6571035,PANEL,,,,,,,,,,,,,,,,,,
9ACID55AA261,PANEL,,,,,,,,,,,,,,,,,,
9ACID55AFE81,PANEL,,,,,,,,,,,,,,,,,,
9ACID55AFE82,PANEL,,,,,,,,,,,,,,,,,,
9ACID55AFE84,PANEL,,,,,,,,,,,,,,,,,,
9ACID55OC001,PANEL,,,,,,,,,,,,,,,,,,
9ACID55OC002,PANEL,,,,,,,,,,,,,,,,,,
9ACID55SU304,PANEL,,,,,,,,,,,,,,,,,,
9ACID55UTN02,PANEL,,,,,,,,,,,,,,,,,,
9ACID7545R33,PANEL,,,,,,,,,,,,,,,,,,
9ACID75PU213,PANEL,,,,,,,,,,,,,,,,,,
9JD09LB123001,PANEL,,,,,,,,,,,,,,,,,,
9JDA3PI01WFM0P,PANEL,,,,,,,,,,,,,,,,,,
9JRMYLCS00001,PANEL,,,,,,,,,,,,,,,,,,
9JRMYNEW00043,PANEL,,,,,,,,,,,,,,,,,,
9JRMYNEW00089,PANEL,,,,,,,,,,,,,,,,,,
9JRMYNEW00380,PANEL,,,,,,,,,,,,,,,,,,
9JRMYNEW00523,PANEL,,,,,,,,,,,,,,,,,,
9JRMYNEW00559,PANEL,,,,,,,,,,,,,,,,,,
9JRMYNEW00859,PANEL,,,,,,,,,,,,,,,,,,
9JRMYNEW01528,PANEL,,,,,,,,,,,,,,,,,,
9JRMYNEW02064,PANEL,,,,,,,,,,,,,,,,,,
9JRMYNEW02172,PANEL,,,,,,,,,,,,,,,,,,
9JRMYNEW0233A,PANEL,,,,,,,,,,,,,,,,,,
9JRMYNEW02582,PANEL,,,,,,,,,,,,,,,,,,
9JRMYNEW02603,PANEL,,,,,,,,,,,,,,,,,,
9JRMYNEW02634,PANEL,,,,,,,,,,,,,,,,,,
9JRMYNEW02635,PANEL,,,,,,,,,,,,,,,,,,
9JRMYNEW02643,PANEL,,,,,,,,,,,,,,,,,,
9KBCY400LTA02,PANEL,,,,,,,,,,,,,,,,,,
9RADTA249WJQZ,PANEL,,,,,,,,,,,,,,,,,,
9RADTA297WJQZ,PANEL,,,,,,,,,,,,,,,,,,
9RADTA304WJQZ,PANEL,,,,,,,,,,,,,,,,,,
9RADTA322WJQZ,PANEL,,,,,,,,,,,,,,,,,,
9RADTA325WJQZ,PANEL,,,,,,,,,,,,,,,,,,
9RADTA342WJQZ,PANEL,,,,,,,,,,,,,,,,,,
9RADTA345WJQZ,PANEL,,,,,,,,,,,,,,,,,,
9RADTA363WEA1,PANEL,,,,,,,,,,,,,,,,,,
9RADTA364WEA1,PANEL,,,,,,,,,,,,,,,,,,
9RADTA365WEA1,PANEL,,,,,,,,,,,,,,,,,,
9RADTA375WE96,PANEL,,,,,,,,,,,,,,,,,,
9RADTA375WE99,PANEL,,,,,,,,,,,,,,,,,,
9RADTA375WEA4,PANEL,,,,,,,,,,,,,,,,,,
9RADTA375WEA6,PANEL,,,,,,,,,,,,,,,,,,
9RADTA375WEA8,PANEL,,,,,,,,,,,,,,,,,,
9RADTA376WEA1,PANEL,,,,,,,,,,,,,,,,,,
9RADTA376WEA4,PANEL,,,,,,,,,,,,,,,,,,
9RADTA504WEA5,PANEL,,,,,,,,,,,,,,,,,,
9RADTA504WEB1,PANEL,,,,,,,,,,,,,,,,,,
9RADTA504WEB2,PANEL,,,,,,,,,,,,,,,,,,
9RADTA504WEB3,PANEL,,,,,,,,,,,,,,,,,,
9RADTA505WJQZ,PANEL,,,,,,,,,,,,,,,,,,
9RADTA508WJZZ,PANEL,,,,,,,,,,,,,,,,,,
9RADTA520WJZZ,PANEL,,,,,,,,,,,,,,,,,,
9RADTA523WJN1,PANEL,,,,,,,,,,,,,,,,,,
9RADTA539WEA1,PANEL,,,,,,,,,,,,,,,,,,
9RADTA562WEA1,PANEL,,,,,,,,,,,,,,,,,,
9RADTA562WEA2,PANEL,,,,,,,,,,,,,,,,,,
9RADTA701WJN1,PANEL,,,,,,,,,,,,,,,,,,
9RADTA714WJZZ,PANEL,,,,,,,,,,,,,,,,,,
9RAE400D3HE2NZ,PANEL,,,,,,,,,,,,,,,,,,
9RAE415D3HA00S,PANEL,,,,,,,,,,,,,,,,,,
9RAE415D3HA20N,PANEL,,,,,,,,,,,,,,,,,,
9RAE415D3HA20Z,PANEL,,,,,,,,,,,,,,,,,,
9RAE415D3HA4LZ,PANEL,,,,,,,,,,,,,,,,,,
9RAE415R3HA0LN,PANEL,,,,,,,,,,,,,,,,,,
9RAE601R3HB3FS,PANEL,,,,,,,,,,,,,,,,,,
9RAE601R3HC10U,PANEL,,,,,,,,,,,,,,,,,,
9RAE695D3GW8CT,PANEL,,,,,,,,,,,,,,,,,,
9RAE695R3HB9FK,PANEL,,,,,,,,,,,,,,,,,,
9RAE695R9HB9FK,PANEL,,,,,,,,,,,,,,,,,,
9RAID55SU304,PANEL,,,,,,,,,,,,,,,,,,
9RAID55UTN02,PANEL,,,,,,,,,,,,,,,,,,
9RAJR645R33,PANEL,,,,,,,,,,,,,,,,,,
9RAK315T3HC60U,PANEL,,,,,,,,,,,,,,,,,,
9RAK800D3GW40M,PANEL,,,,,,,,,,,,,,,,,,
9RANCA474WJPZ,PANEL,,,,,,,,,,,,,,,,,,
9RATLA740WJZZ,PANEL,,,,,,,,,,,,,,,,,,
9RATLA752WJ20,PANEL,,,,,,,,,,,,,,,,,,
9RATLA753WJ20,PANEL,,,,,,,,,,,,,,,,,,
9RATLA755WJ20,PANEL,,,,,,,,,,,,,,,,,,
9RATLA756WJ20,PANEL,,,,,,,,,,,,,,,,,,
9RATLA760WJZZ,PANEL,,,,,,,,,,,,,,,,,,
9RATLA762WJ20,PANEL,,,,,,,,,,,,,,,,,,
9RATLA763WJ20,PANEL,,,,,,,,,,,,,,,,,,
9RATLA764WJ20,PANEL,,,,,,,,,,,,,,,,,,
9RAUCA138WJZZ,PANEL,,,,,,,,,,,,,,,,,,
9RAUCA151WJZZ,PANEL,,,,,,,,,,,,,,,,,,
9RAUCA152WJZZ,PANEL,,,,,,,,,,,,,,,,,,
9RAUCA155WJZZ,PANEL,,,,,,,,,,,,,,,,,,
9RAUCA161WJZZ,PANEL,,,,,,,,,,,,,,,,,,
9RAUCA172WJZZ,PANEL,,,,,,,,,,,,,,,,,,
9RAUCA173WJZZ,PANEL,,,,,,,,,,,,,,,,,,
9RAUCA179WJZZ,PANEL,,,,,,,,,,,,,,,,,,
9RAUCA180WJZZ,PANEL,,,,,,,,,,,,,,,,,,
9RAUCA191WJZZ,PANEL,,,,,,,,,,,,,,,,,,
9TAHJ6000IE004,PANEL,,,,,,,,,,,,,,,,,,
9TAHJ6000IE005,PANEL,,,,,,,,,,,,,,,,,,
9TAHJ6000IE006,PANEL,,,,,,,,,,,,,,,,,,
9TAHJ6000IE007,PANEL,,,,,,,,,,,,,,,,,,
9TAHJ6000IE008,PANEL,,,,,,,,,,,,,,,,,,
9TAHJ6000IP004,PANEL,,,,,,,,,,,,,,,,,,
9TAHL6500IE003,PANEL,,,,,,,,,,,,,,,,,,
9TAHL6500IE004,PANEL,,,,,,,,,,,,,,,,,,
9TAHL6500IE006,PANEL,,,,,,,,,,,,,,,,,,
9TAHN7000CE003,PANEL,,,,,,,,,,,,,,,,,,
9TAHN7000CE002,PANEL,,,,,,,,,,,,,,,,,,
B3K52H65AI,PANEL,,,,,,,,,,,,,,,,,,
B3K5PH65AI,PANEL,,,,,,,,,,,,,,,,,,
B3K5SH60AI,PANEL,,,,,,,,,,,,,,,,,,
B3K5SH65AI,PANEL,,,,,,,,,,,,,,,,,,
B3K5YH60AI,PANEL,,,,,,,,,,,,,,,,,,
B3K5YH65AI,PANEL,,,,,,,,,,,,,,,,,,
B3KK5ZH60AI,PANEL,,,,,,,,,,,,,,,,,,
B3KUG107LI,PANEL,,,,,,,,,,,,,,,,,,
B3KUG37PI1,PANEL,,,,,,,,,,,,,,,,,,
B3KUJA513,PANEL,,,,,,,,,,,,,,,,,,
B3KUJA524,PANEL,,,,,,,,,,,,,,,,,,
B3KUJA554,PANEL,,,,,,,,,,,,,,,,,,
B3KUU940X1,PANEL,,,,,,,,,,,,,,,,,,
B3KUYAD1AI,PANEL,,,,,,,,,,,,,,,,,,
B3KUYAE1AI,PANEL,,,,,,,,,,,,,,,,,,
B3KUYBG1DI,PANEL,,,,,,,,,,,,,,,,,,
CHLDZC520WJ64,PANEL,,,,,,,,,,,,,,,,,,
CHLDZC653WJ61,PANEL,,,,,,,,,,,,,,,,,,
CLCDTA248WE01,PANEL,,,,,,,,,,,,,,,,,,
CLCDTA248WE02,PANEL,,,,,,,,,,,,,,,,,,
CLCDTA249WE01,PANEL,,,,,,,,,,,,,,,,,,
CLCDTA268WE01,PANEL,,,,,,,,,,,,,,,,,,
CLCDTA276WE07,PANEL,,,,,,,,,,,,,,,,,,
CLCDTA277WE07,PANEL,,,,,,,,,,,,,,,,,,
CLCDTA305WE01,PANEL,,,,,,,,,,,,,,,,,,
CLCDTA307WE01,PANEL,,,,,,,,,,,,,,,,,,
CLCDTA307WE02,PANEL,,,,,,,,,,,,,,,,,,
CLCDTA319WE01,PANEL,,,,,,,,,,,,,,,,,,
CLCDTA320WE07,PANEL,,,,,,,,,,,,,,,,,,
CLCDTA321WE01,PANEL,,,,,,,,,,,,,,,,,,
CLCDTA321WE03,PANEL,,,,,,,,,,,,,,,,,,
CLCDTA325WE01,PANEL,,,,,,,,,,,,,,,,,,
CLCDTA326WE01,PANEL,,,,,,,,,,,,,,,,,,
CLCDTA327WE01,PANEL,,,,,,,,,,,,,,,,,,
CLCDTA344WE01,PANEL,,,,,,,,,,,,,,,,,,
CLCDTA344WE02,PANEL,,,,,,,,,,,,,,,,,,
CLCDTA363WEA1,PANEL,,,,,,,,,,,,,,,,,,
CLCDTA364WEA1,PANEL,,,,,,,,,,,,,,,,,,
CLCDTA365WEA1,PANEL,,,,,,,,,,,,,,,,,,
CLCDTA374WE01,PANEL,,,,,,,,,,,,,,,,,,
CLCDTA375WE96,PANEL,,,,,,,,,,,,,,,,,,
CLCDTA375WE99,PANEL,,,,,,,,,,,,,,,,,,
CLCDTA375WEA1,PANEL,,,,,,,,,,,,,,,,,,
CLCDTA375WEA4,PANEL,,,,,,,,,,,,,,,,,,
CLCDTA375WEA6,PANEL,,,,,,,,,,,,,,,,,,
CLCDTA375WEA8,PANEL,,,,,,,,,,,,,,,,,,
CLCDTA376WEA1,PANEL,,,,,,,,,,,,,,,,,,
CLCDTA376WEA4,PANEL,,,,,,,,,,,,,,,,,,
CLCDTA378WE16,PANEL,,,,,,,,,,,,,,,,,,
CLCDTA380WE01,PANEL,,,,,,,,,,,,,,,,,,
CLCDTA381WE06,PANEL,,,,,,,,,,,,,,,,,,
CLCDTA381WE07,PANEL,,,,,,,,,,,,,,,,,,
CLCDTA382WE01,PANEL,,,,,,,,,,,,,,,,,,
CLCDTA418WE02,PANEL,,,,,,,,,,,,,,,,,,
CLCDTA452WEA5,PANEL,,,,,,,,,,,,,,,,,,
CLCDTA504WEA1,PANEL,,,,,,,,,,,,,,,,,,
CLCDTA504WEA5,PANEL,,,,,,,,,,,,,,,,,,
CLCDTA504WEB1,PANEL,,,,,,,,,,,,,,,,,,
CLCDTA504WEB2,PANEL,,,,,,,,,,,,,,,,,,
CLCDTA504WEB3,PANEL,,,,,,,,,,,,,,,,,,
CLCDTA506WE03,PANEL,,,,,,,,,,,,,,,,,,
CLCDTA520WE15,PANEL,,,,,,,,,,,,,,,,,,
CLCDTA523WEA8,PANEL,,,,,,,,,,,,,,,,,,
CLCDTA539WEA1,PANEL,,,,,,,,,,,,,,,,,,
CLCDTA546FMA1,PANEL,,,,,,,,,,,,,,,,,,
CLCDTA562WEA1,PANEL,,,,,,,,,,,,,,,,,,
CLCDTA562WEA2,PANEL,,,,,,,,,,,,,,,,,,
CLCDTA562WEA8,PANEL,,,,,,,,,,,,,,,,,,
CLCDTA575WE10,PANEL,,,,,,,,,,,,,,,,,,
CLCDTA666WEA1,PANEL,,,,,,,,,,,,,,,,,,
CLCDTA668WE19,PANEL,,,,,,,,,,,,,,,,,,
CLCDTA701WEA6,PANEL,,,,,,,,,,,,,,,,,,
CLCDTA701WEB5,PANEL,,,,,,,,,,,,,,,,,,
CLCDTA702WE07,PANEL,,,,,,,,,,,,,,,,,,
CSETFG665FM51,PANEL,,,,,,,,,,,,,,,,,,
CSETFG916WE62,PANEL,,,,,,,,,,,,,,,,,,
DSETFG665FM50,PANEL,,,,,,,,,,,,,,,,,,
DSETFG782FM63,PANEL,,,,,,,,,,,,,,,,,,
DSETFG782FM77,PANEL,,,,,,,,,,,,,,,,,,
DSETFG820FM40,PANEL,,,,,,,,,,,,,,,,,,
DSETFG820FM41,PANEL,,,,,,,,,,,,,,,,,,
DSETFG820FM51,PANEL,,,,,,,,,,,,,,,,,,
DSETFG820FM52,PANEL,,,,,,,,,,,,,,,,,,
DSETFG916FM09,PANEL,,,,,,,,,,,,,,,,,,
DSETFG916FM17,PANEL,,,,,,,,,,,,,,,,,,
DUNTKH166FM10,PANEL,,,,,,,,,,,,,,,,,,
FJE00036FVAA,PANEL,,,,,,,,,,,,,,,,,,
FJE00036-FVAA,PANEL,,,,,,,,,,,,,,,,,,
FJE00037-FVAA,PANEL,,,,,,,,,,,,,,,,,,
FLK08570FPDA,PANEL,,,,,,,,,,,,,,,,,,
FLK08570-FPDA,PANEL,,,,,,,,,,,,,,,,,,
KSETLA012WJZZ,PANEL,,,,,,,,,,,,,,,,,,
KSETLA121WJZZ,PANEL,,,,,,,,,,,,,,,,,,
KSETLA172WJZZ,PANEL,,,,,,,,,,,,,,,,,,
KSETLA237WJZZ,PANEL,,,,,,,,,,,,,,,,,,
KSETLA258WJZZ,PANEL,,,,,,,,,,,,,,,,,,
KSETLA260WJZZ,PANEL,,,,,,,,,,,,,,,,,,
KSETLA326WJZZ,PANEL,,,,,,,,,,,,,,,,,,
KSETLA578WJZZ,PANEL,,,,,,,,,,,,,,,,,,
KSETLA579WJZZ,PANEL,,,,,,,,,,,,,,,,,,
KSETLA658WJZZ,PANEL,,,,,,,,,,,,,,,,,,
KSETLA683WJZZ,PANEL,,,,,,,,,,,,,,,,,,
KSETLA740WJZZ,PANEL,,,,,,,,,,,,,,,,,,
KSETLA751WJ20,PANEL,,,,,,,,,,,,,,,,,,
KSETLA752WJ20,PANEL,,,,,,,,,,,,,,,,,,
KSETLA753WJ20,PANEL,,,,,,,,,,,,,,,,,,
KSETLA755WJ20,PANEL,,,,,,,,,,,,,,,,,,
KSETLA756WJ20,PANEL,,,,,,,,,,,,,,,,,,
KSETLA760WJZZ,PANEL,,,,,,,,,,,,,,,,,,
KSETLA762WJ20,PANEL,,,,,,,,,,,,,,,,,,
KSETLA763WJ20,PANEL,,,,,,,,,,,,,,,,,,
KSETLA764WJ20,PANEL,,,,,,,,,,,,,,,,,,
KSETLA765WJ20,PANEL,,,,,,,,,,,,,,,,,,
KSETLA766WJ20,PANEL,,,,,,,,,,,,,,,,,,
KSETLA774WJ20,PANEL,,,,,,,,,,,,,,,,,,
KSETLA780WJ20,PANEL,,,,,,,,,,,,,,,,,,
KSETLA781WJ20,PANEL,,,,,,,,,,,,,,,,,,
KSETLA785WJ20,PANEL,,,,,,,,,,,,,,,,,,
KSETLA789WJ20,PANEL,,,,,,,,,,,,,,,,,,
KSETLA790WJ20,PANEL,,,,,,,,,,,,,,,,,,
KSETLA956WJZZ,PANEL,,,,,,,,,,,,,,,,,,
KSETLA961WJZZ,PANEL,,,,,,,,,,,,,,,,,,
KSETLA971WJZZ,PANEL,,,,,,,,,,,,,,,,,,
KSETLA976WJZZ,PANEL,,,,,,,,,,,,,,,,,,
KSETLA979WJZZ,PANEL,,,,,,,,,,,,,,,,,,
KSETLA984WJZZ,PANEL,,,,,,,,,,,,,,,,,,
KSETLA990WJZZ,PANEL,,,,,,,,,,,,,,,,,,
KSETLB006WJZZ,PANEL,,,,,,,,,,,,,,,,,,
KSETLB051WJZZ,PANEL,,,,,,,,,,,,,,,,,,
KSETLB229WJZZ,PANEL,,,,,,,,,,,,,,,,,,
KSETLB260WJZZ,PANEL,,,,,,,,,,,,,,,,,,
KSETLB302WJZZ,PANEL,,,,,,,,,,,,,,,,,,
KSETLB303WJZZ,PANEL,,,,,,,,,,,,,,,,,,
KSETLB353WJZZ,PANEL,,,,,,,,,,,,,,,,,,
KSETLB364WJZZ,PANEL,,,,,,,,,,,,,,,,,,
KSETLB375WJZZ,PANEL,,,,,,,,,,,,,,,,,,
KSETLB397WJZZ,PANEL,,,,,,,,,,,,,,,,,,
KSETLB398WJZZ,PANEL,,,,,,,,,,,,,,,,,,
KSETLB399WJZZ,PANEL,,,,,,,,,,,,,,,,,,
KSETLB400WJZZ,PANEL,,,,,,,,,,,,,,,,,,
KSETLB401WJZZ,PANEL,,,,,,,,,,,,,,,,,,
KSETLB683WJZZ,PANEL,,,,,,,,,,,,,,,,,,
KSETLB698WJZZ,PANEL,,,,,,,,,,,,,,,,,,
LCDH32LE240MA,PANEL,,,,,,,,,,,,,,,,,,
LCDH32LE240M-A,PANEL,,,,,,,,,,,,,,,,,,
LCDH32LE240MC,PANEL,,,,,,,,,,,,,,,,,,
LCDH32LE430M,PANEL,,,,,,,,,,,,,,,,,,
LCDH39LE155/M,PANEL,,,,,,,,,,,,,,,,,,
LCDPNL40L500M,PANEL,,,,,,,,,,,,,,,,,,
LCDPNL40LE355M,PANEL,,,,,,,,,,,,,,,,,,
LCDPNL40LE430M,PANEL,,,,,,,,,,,,,,,,,,
LCDPNL40LE830M,PANEL,,,,,,,,,,,,,,,,,,
LCDPNL40M500M,PANEL,,,,,,,,,,,,,,,,,,
LCDPNL46L840X,PANEL,,,,,,,,,,,,,,,,,,
LCDPNL50L450M,PANEL,,,,,,,,,,,,,,,,,,
LCDPNL52LE835X,PANEL,,,,,,,,,,,,,,,,,,
LCDPNL52LE840X,PANEL,,,,,,,,,,,,,,,,,,
LCDPNL60L650M,PANEL,,,,,,,,,,,,,,,,,,
LCDPNL60LE630M,PANEL,,,,,,,,,,,,,,,,,,
LCDPNL60LE830M,PANEL,,,,,,,,,,,,,,,,,,
LCDPNL60LE940X,PANEL,,,,,,,,,,,,,,,,,,
LCDPNL60LE950X,PANEL,,,,,,,,,,,,,,,,,,
LCDPNL70L650M,PANEL,,,,,,,,,,,,,,,,,,
QCNW-P940WJN2,PANEL,,,,,,,,,,,,,,,,,,
QCNW-Q850WJN1,PANEL,,,,,,,,,,,,,,,,,,
QCNW-T704WJPZ,PANEL,,,,,,,,,,,,,,,,,,
R1JE400D3GV1GT,PANEL,,,,,,,,,,,,,,,,,,
R1JE400D3HE1NH,PANEL,,,,,,,,,,,,,,,,,,
R1JE400D3HE2NS,PANEL,,,,,,,,,,,,,,,,,,
R1JE400D3HE2NZ,PANEL,,,,,,,,,,,,,,,,,,
R1JE400R3LW20S,PANEL,,,,,,,,,,,,,,,,,,
R1JE415D3HA00J,PANEL,,,,,,,,,,,,,,,,,,
R1JE415D3HA00S,PANEL,,,,,,,,,,,,,,,,,,
R1JE415D3HA00U,PANEL,,,,,,,,,,,,,,,,,,
R1JE415D3HA0LR,PANEL,,,,,,,,,,,,,,,,,,
R1JE415D3HA20N,PANEL,,,,,,,,,,,,,,,,,,
R1JE415D3HA4LS,PANEL,,,,,,,,,,,,,,,,,,
R1JE600D3GV2AW,PANEL,,,,,,,,,,,,,,,,,,
R1JE601R3HB3//L,PANEL,,,,,,,,,,,,,,,,,,
R1JE601R3HB3/L,PANEL,,,,,,,,,,,,,,,,,,
R1JE601R3HB3FS,PANEL,,,,,,,,,,,,,,,,,,
R1JE601R3HC10U,PANEL,,,,,,,,,,,,,,,,,,
R1JE601R3HC10V,PANEL,,,,,,,,,,,,,,,,,,
R1JE601R3HC10W,PANEL,,,,,,,,,,,,,,,,,,
R1JE695D3GW8CT,PANEL,,,,,,,,,,,,,,,,,,
R1JE695R3HB9FK,PANEL,,,,,,,,,,,,,,,,,,
R1JE695R3HB9LS,PANEL,,,,,,,,,,,,,,,,,,
R1JE695R9HB9FK,PANEL,,,,,,,,,,,,,,,,,,
R1LK315T3HB00W,PANEL,,,,,,,,,,,,,,,,,,
R1LK315T3HB60W,PANEL,,,,,,,,,,,,,,,,,,
R1LK315T3HB6BR,PANEL,,,,,,,,,,,,,,,,,,
R1LK315T3HB6CK,PANEL,,,,,,,,,,,,,,,,,,
R1LK315T3HB6CT,PANEL,,,,,,,,,,,,,,,,,,
R1LK315T3HC51K,PANEL,,,,,,,,,,,,,,,,,,
R1LK315T3HC60K,PANEL,,,,,,,,,,,,,,,,,,
R1LK315T3HC60U,PANEL,,,,,,,,,,,,,,,,,,
R1LK315T3LW70W,PANEL,,,,,,,,,,,,,,,,,,
R1LK315T3LZ50U,PANEL,,,,,,,,,,,,,,,,,,
R1LK400D3GW50W,PANEL,,,,,,,,,,,,,,,,,,
R1LK400D3LWV0W,PANEL,,,,,,,,,,,,,,,,,,
R1LK460D3GW40W,PANEL,,,,,,,,,,,,,,,,,,
R1LK460D3GW4BW,PANEL,,,,,,,,,,,,,,,,,,
R1LK460D3GW9BW,PANEL,,,,,,,,,,,,,,,,,,
R1LK520D3GW40W,PANEL,,,,,,,,,,,,,,,,,,
R1LK520D3GW4BW,PANEL,,,,,,,,,,,,,,,,,,
R1LK520D3GW90W,PANEL,,,,,,,,,,,,,,,,,,
R1LK520D3GW9BW,PANEL,,,,,,,,,,,,,,,,,,
R1LK600D3//1M,PANEL,,,,,,,,,,,,,,,,,,
R1LK600D3GV0AF,PANEL,,,,,,,,,,,,,,,,,,
R1LK600D3GV0DF,PANEL,,,,,,,,,,,,,,,,,,
R1LK600D3GW4BW,PANEL,,,,,,,,,,,,,,,,,,
R1LK600D3GW8BW,PANEL,,,,,,,,,,,,,,,,,,
R1LK695D3GW3AX,PANEL,,,,,,,,,,,,,,,,,,
R1LK800D3GW40T,PANEL,,,,,,,,,,,,,,,,,,
R1LK900D3GW10V,PANEL,,,,,,,,,,,,,,,,,,
R1LQ315T3HC64,PANEL,,,,,,,,,,,,,,,,,,
R1LQ315T3HC6LD,PANEL,,,,,,,,,,,,,,,,,,
R1LQ805S3HA10T,PANEL,,,,,,,,,,,,,,,,,,
RLCDTA249WJN1,PANEL,,,,,,,,,,,,,,,,,,
RLCDTA250WJQZ,PANEL,,,,,,,,,,,,,,,,,,
RLCDTA251WJQZ,PANEL,,,,,,,,,,,,,,,,,,
RLCDTA273WJZZ,PANEL,,,,,,,,,,,,,,,,,,
RLCDTA288WJQZ,PANEL,,,,,,,,,,,,,,,,,,
RLCDTA292WJQZ,PANEL,,,,,,,,,,,,,,,,,,
RLCDTA296WJQZ,PANEL,,,,,,,,,,,,,,,,,,
RLCDTA297WJQZ,PANEL,,,,,,,,,,,,,,,,,,
RLCDTA304WJQZ,PANEL,,,97,,,,,,,,,,,,,,,
RLCDTA307WJQZ,PANEL,,,72,,,,,,,,,,,,,,,
RLCDTA322WJQZ,PANEL,,,100,,,,,,,,,,,,,,,
RLCDTA325WJQZ,PANEL,,,,,,,,,,,,,,,,,,
RLCDTA325WJZZ,PANEL,,,,,,,,,,,,,,,,,,
RLCDTA331WJQZ,PANEL,,,,,,,,,,,,,,,,,,
RLCDTA342WJQZ,PANEL,,,,,,,,,,,,,,,,,,
RLCDTA345WJQZ,PANEL,,,,,,,,,,,,,,,,,,
RLCDTA505WJN2,PANEL,,,,,,,,,,,,,,,,,,
RLCDTA505WJQZ,PANEL,,,,,,,,,,,,,,,,,,
RLCDTA508WJZZ,PANEL,,,,,,,,,,,,,,,,,,
RLCDTA516WJZZ,PANEL,,,,,,,,,,,,,,,,,,
RLCDTA521WJN3,PANEL,,,,,,,,,,,,,,,,,,
RLCDTA523WJN1,PANEL,,,,,,,,,,,,,,,,,,
RLCDTA525WJZZ,PANEL,,,,,,,,,,,,,,,,,,
RLCDTA539WJZZ,PANEL,,,,,,,,,,,,,,,,,,
RLCDTA570WJZZ,PANEL,,,,,,,,,,,,,,,,,,
RLCDTA711WJZZ,PANEL,,,,,,,,,,,,,,,,,,
RLCDTA717WJZZ,PANEL,,,,,,,,,,,,,,,,,,
RLCUCA138WJZZ,PANEL,,,,,,,,,,,,,,,,,,
RLCUCA143WJN1,PANEL,,,,,,,,,,,,,,,,,,
RLCUCA143WJZZ,PANEL,,,,,,,,,,,,,,,,,,
RLCUCA147WJZZ,PANEL,,,,,,,,,,,,,,,,,,
RLCUCA151WJZZ,PANEL,,,,,,,,,,,,,,,,,,
RLCUCA152WJZZ,PANEL,,,,,,,,,,,,,,,,,,
RLCUCA153WJZZ,PANEL,,,,,,,,,,,,,,,,,,
RLCUCA155WJZZ,PANEL,,,,,,,,,,,,,,,,,,
RLCUCA161WJN1,PANEL,,,,,,,,,,,,,,,,,,
RLCUCA161WJZZ,PANEL,,,,,,,,,,,,,,,,,,
RLCUCA172WJZZ,PANEL,,,,,,,,,,,,,,,,,,
RLCUCA173WJZZ,PANEL,,,,,,,,,,,,,,,,,,
RLCUCA179WJN1,PANEL,,,,,,,,,,,,,,,,,,
RLCUCA179WJZZ,PANEL,,,,,,,,,,,,,,,,,,
RLCUCA180WJZZ,PANEL,,,,,,,,,,,,,,,,,,
RLCUCA191WJN1,PANEL,,,,,,,,,,,,,,,,,,
RLCUCA191WJZZ,PANEL,,,,,,,,,,,,,,,,,,
RPNL39L440/1M,PANEL,,,,,,,,,,,,,,,,,,
RUNTKB731WJQZ2,PANEL,,,,,,,,,,,,,,,,,,
SPAKXF740WJXZ,PANEL,,,,,,,,,,,,,,,,,,
9JD15642-29LE,PART_KIT,,,,,,,,,,,,,,,,,,
BQC-2K4K50DF/L,PART_KIT,,,,,,,,,,,,,,,,,,
BQC42A66PWR,PART_KIT,,,,,,,,,,,,,,,,,,
BQC-PWR24D/1M,PART_KIT,,,,,,,,,,,,,,,,,,
BQC-PWR24L/1M,PART_KIT,,,,,,,,,,,,,,,,,,
BQC-PWR32GD/1M,PART_KIT,,,,,,,,,,,,,,,,,,
BQCPWR32L/1M,PART_KIT,,,,,,,,,,,,,,,,,,
BQC-PWR32L/1M,PART_KIT,,,,,,,,,,,,,,,,,,
BQCPWR32M/1M,PART_KIT,,,,,,,,,,,,,,,,,,
BQC-PWR32M/1M,PART_KIT,,,,,,,,,,,,,,,,,,
BQC-PWR32N/1M,PART_KIT,,,,,,,,,,,,,,,,,,
BQC-PWR40N/1M,PART_KIT,,,,,,,,,,,,,,,,,,
BQC-PWR42BG/L,PART_KIT,,,,,,,,,,,,,,,,,,
BQC-PWR42D/1M,PART_KIT,,,,,,,,,,,,,,,,,,
BQC-PWR50N/1M,PART_KIT,,,,,,,,,,,,,,,,,,
BQC-PWR60L/1M,PART_KIT,,,,,,,,,,,,,,,,,,
RTHM-A015VDEZ,PART_LAIN,,,,,,,,,,,,,,,,,,
10800007XX-ET,PART_POMPA,,,,,,,,,,,,,,,,,,
FPWB-A049VDKZ,PCB_KULKAS,,,,,,,,,,,,,,,,,,
QCNW-R211WJPZ,PD_WIRE,,,,,,,,,,,,,,,,,,
QCNW-R915WJPZ,PD_WIRE,,,,,,,,,,,,,,,,,,
QCNW-S319WJPZ,PD_WIRE,,,,,,,,,,,,,,,,,,
CHLDZC636WJ61,PFRAME,,,,,,,,,,,,,,,,,,
9ACID75SUP001,PLASTIC_SUPPORT,,,,,,,,,,,,,,,,,,
RUNTKB850WJQZ,POWER_UNIT,,,,,,,,,,,,,,,,,,
RUNTKB857WJQZ,POWER_UNIT,,,,,,,,,,,,,,,,,,
RUNTKC004WJN1,POWER_UNIT,,,,,,,,,,,,,,,,,,
RUNTKC004WJQZ,POWER_UNIT,,,,,,,,,,,,,,,,,,
514C5006M90,POWER_UNIT,,,,,,,,,,,,,,,,,,
514C5006M91,POWER_UNIT,,,,,,,,,,,,,,,,,,
514C5016M02A,POWER_UNIT,,,,,,,,,,,,,,,,,,
514C6507M14,POWER_UNIT,,,,,,,,,,,,,,,,,,
514C7001M28,POWER_UNIT,,,,,,,,,,,,,,,,,,
9ACID556M02A,POWER_UNIT,,,,,,,,,,,,,,,,,,
9ACID7501M28,POWER_UNIT,,,,,,,,,,,,,,,,,,
9JD1564200021,POWER_UNIT,,,,,,,,,,,,,,,,,,
9JDA3PI01W240P,POWER_UNIT,,,,,,,,,,,,,,,,,,
9JDA3PJ01W240P,POWER_UNIT,,,,,,,,,,,,,,,,,,
9JDA3PJ01WFM0P,POWER_UNIT,,,,,,,,,,,,,,,,,,
9JDA3QQ14Q240,POWER_UNIT,,,,,,,,,,,,,,,,,,
9JDA3RZ21WXX0,POWER_UNIT,,,,,,,,,,,,,,,,,,
9JDA3SP04Q240,POWER_UNIT,,,,,,,,,,,,,,,,,,
9JDA3SP21Q240,POWER_UNIT,,,,,,,,,,,,,,,,,,
9JRMY99000005,POWER_UNIT,,,,,,,,,,,,,,,,,,
9JRMY99000010,POWER_UNIT,,,,,,,,,,,,,,,,,,
9JRMYNEW00391,POWER_UNIT,,,,,,,,,,,,,,,,,,
9JRMYNEW00528,POWER_UNIT,,,,,,,,,,,,,,,,,,
9JRMYNEW00560,POWER_UNIT,,,,,,,,,,,,,,,,,,
9JRMYNEW01534,POWER_UNIT,,,,,,,,,,,,,,,,,,
9JRMYNEW02004,POWER_UNIT,,,,,,,,,,,,,,,,,,
9JRMYNEW02066,POWER_UNIT,,,,,,,,,,,,,,,,,,
9JRMYNEW02178,POWER_UNIT,,,,,,,,,,,,,,,,,,
9JRMYNEW02519,POWER_UNIT,,,,,,,,,,,,,,,,,,
9KB5604084141,POWER_UNIT,,,,,,,,,,,,,,,,,,
9KB5604117G31,POWER_UNIT,,,,,,,,,,,,,,,,,,
9RANCA473WJPZ,POWER_UNIT,,,,,,,,,,,,,,,,,,
9RANCA516WJQZ,POWER_UNIT,,,,,,,,,,,,,,,,,,
9RANCA529WJQZ,POWER_UNIT,,,,,,,,,,,,,,,,,,
9RATKB091WJN1,POWER_UNIT,,,,,,,,,,,,,,,,,,
9RATKG255FM02,POWER_UNIT,,,,,,,,,,,,,,,,,,
9RATKG299FM02,POWER_UNIT,,,,,,,,,,,,,,,,,,
9RATKG409FM01,POWER_UNIT,,,,,,,,,,,,,,,,,,
9RATKG409FM02,POWER_UNIT,,,,,,,,,,,,,,,,,,
9RATKG409FM06,POWER_UNIT,,,,,,,,,,,,,,,,,,
9RATKG709FM01,POWER_UNIT,,,,,,,,,,,,,,,,,,
9RATKG709FM03,POWER_UNIT,,,,,,,,,,,,,,,,,,
9RATKG709FM04,POWER_UNIT,,,,,,,,,,,,,,,,,,
9RATKG710FM03,POWER_UNIT,,,,,,,,,,,,,,,,,,
9RATKG764FM01,POWER_UNIT,,,,,,,,,,,,,,,,,,
9RATKG800FM09,POWER_UNIT,,,,,,,,,,,,,,,,,,
9RATKG800FM11,POWER_UNIT,,,,,,,,,,,,,,,,,,
9RATKG800FM13,POWER_UNIT,,,,,,,,,,,,,,,,,,
9RATKG800FM14,POWER_UNIT,,,,,,,,,,,,,,,,,,
9RATLA171WJZZ,POWER_UNIT,,,,,,,,,,,,,,,,,,
9RATLA735WJZZ,POWER_UNIT,,,,,,,,,,,,,,,,,,
9RAUGA41A2,POWER_UNIT,,,,,,,,,,,,,,,,,,
9RAUGA42A2,POWER_UNIT,,,,,,,,,,,,,,,,,,
9TAHJ6000IP001,POWER_UNIT,,,,,,,,,,,,,,,,,,
9TAHJ6000IP002,POWER_UNIT,,,,,,,,,,,,,,,,,,
9TAHJ6000IP003,POWER_UNIT,,,,,,,,,,,,,,,,,,
9TAHJ6000IP005,POWER_UNIT,,,,,,,,,,,,,,,,,,
9TAHL6500IP003,POWER_UNIT,,,,,,,,,,,,,,,,,,
B3KUG185V1,POWER_UNIT,,,,,,,,,,,,,,,,,,
B3KUGA41A2,POWER_UNIT,,,,,,,,,,,,,,,,,,
B3KUGA42A2,POWER_UNIT,,,,,,,,,,,,,,,,,,
B3KUGA45A2,POWER_UNIT,,,,,,,,,,,,,,,,,,
B3KUJA512,POWER_UNIT,,,,,,,,,,,,,,,,,,
B3KUJA522,POWER_UNIT,,,,,,,,,,,,,,,,,,
B3KUJA552,POWER_UNIT,,,,,,,,,,,,,,,,,,
DUNTKF063FM03,POWER_UNIT,,,,,,,,,,,,,,,,,,
DUNTKF071FM01,POWER_UNIT,,,,,,,,,,,,,,,,,,
DUNTKF226FMA1,POWER_UNIT,,,,,,,,,,,,,,,,,,
DUNTKF365WEA1,POWER_UNIT,,,,,,,,,,,,,,,,,,
DUNTKF407FM02,POWER_UNIT,,,,,,,,,,,,,,,,,,
DUNTKF540FM02,POWER_UNIT,,,,,,,,,,,,,,,,,,
DUNTKG029FM01,POWER_UNIT,,,,,,,,,,,,,,,,,,
DUNTKG255FM02,POWER_UNIT,,,,,,,,,,,,,,,,,,
DUNTKG255FM05,POWER_UNIT,,,,,,,,,,,,,,,,,,
DUNTKG299FM02,POWER_UNIT,,,,,,,,,,,,,,,,,,
DUNTKG299FM06,POWER_UNIT,,,,,,,,,,,,,,,,,,
DUNTKG374FM01,POWER_UNIT,,,,,,,,,,,,,,,,,,
DUNTKG409FM01,POWER_UNIT,,,,,,,,,,,,,,,,,,
DUNTKG409FM02,POWER_UNIT,,,,,,,,,,,,,,,,,,
DUNTKG409FM06,POWER_UNIT,,,,,,,,,,,,,,,,,,
DUNTKG409FM07,POWER_UNIT,,,,,,,,,,,,,,,,,,
DUNTKG709FM01,POWER_UNIT,,,,,,,,,,,,,,,,,,
DUNTKG709FM02,POWER_UNIT,,,,,,,,,,,,,,,,,,
DUNTKG709FM03,POWER_UNIT,,,,,,,,,,,,,,,,,,
DUNTKG709FM04,POWER_UNIT,,,,,,,,,,,,,,,,,,
DUNTKG710FM01,POWER_UNIT,,,,,,,,,,,,,,,,,,
DUNTKG710FM02,POWER_UNIT,,,,,,,,,,,,,,,,,,
DUNTKG710FM03,POWER_UNIT,,,,,,,,,,,,,,,,,,
DUNTKG710FM06,POWER_UNIT,,,,,,,,,,,,,,,,,,
DUNTKG764FM01,POWER_UNIT,,,,,,,,,,,,,,,,,,
DUNTKG799FM02,POWER_UNIT,,,,,,,,,,,,,,,,,,
DUNTKG799FM03,POWER_UNIT,,,,,,,,,,,,,,,,,,
DUNTKG799FM04,POWER_UNIT,,,,,,,,,,,,,,,,,,
DUNTKG799FM05,POWER_UNIT,,,,,,,,,,,,,,,,,,
DUNTKG800FM01,POWER_UNIT,,,,,,,,,,,,,,,,,,
DUNTKG800FM04,POWER_UNIT,,,,,,,,,,,,,,,,,,
DUNTKG800FM08,POWER_UNIT,,,,,,,,,,,,,,,,,,
DUNTKG800FM09,POWER_UNIT,,,,,,,,,,,,,,,,,,
DUNTKG800FM11,POWER_UNIT,,,,,,,,,,,,,,,,,,
DUNTKG800FM13,POWER_UNIT,,,,,,,,,,,,,,,,,,
DUNTKG800FM14,POWER_UNIT,,,,,,,,,,,,,,,,,,
DUNTKG800FM16,POWER_UNIT,,,,,,,,,,,,,,,,,,
DUNTKG800FM19,POWER_UNIT,,,,,,,,,,,,,,,,,,
DUNTKG800FM20,POWER_UNIT,,,,,,,,,,,,,,,,,,
DUNTKH196FM15,POWER_UNIT,,,,,,,,,,,,,,,,,,
ESF885-6-13,POWER_UNIT,,,,,,,,,,,,,,,,,,
KSETLA019WJZZ,POWER_UNIT,,,,,,,,,,,,,,,,,,
KSETLA120WJZZ,POWER_UNIT,,,,,,,,,,,,,,,,,,
KSETLA171WJZZ,POWER_UNIT,,,,,,,,,,,,,,,,,,
KSETLA236WJZZ,POWER_UNIT,,,,,,,,,,,,,,,,,,
KSETLA591WJZZ,POWER_UNIT,,,,,,,,,,,,,,,,,,
KSETLA735WJZZ,POWER_UNIT,,,,,,,,,,,,,,,,,,
KSETLA792WJZZ,POWER_UNIT,,,,,,,,,,,,,,,,,,
KSETLA794WJN1,POWER_UNIT,,,,,,,,,,,,,,,,,,
KSETLA794WJZZ,POWER_UNIT,,,,,,,,,,,,,,,,,,
KSETLA795WJZZ,POWER_UNIT,,,,,,,,,,,,,,,,,,
KSETLA814WJZZ,POWER_UNIT,,,,,,,,,,,,,,,,,,
KSETLA967WJZZ,POWER_UNIT,,,,,,,,,,,,,,,,,,
KSETLA972WJZZ,POWER_UNIT,,,,,,,,,,,,,,,,,,
KSETLA999WJZZ,POWER_UNIT,,,,,,,,,,,,,,,,,,
KSETLB004WJZZ,POWER_UNIT,,,,,,,,,,,,,,,,,,
KSETLB008WJZZ,POWER_UNIT,,,,,,,,,,,,,,,,,,
KSETLB294WJZZ,POWER_UNIT,,,,,,,,,,,,,,,,,,
KSETLB305WJZZ,POWER_UNIT,,,,,,,,,,,,,,,,,,
KSETLB309WJZZ,POWER_UNIT,,,,,,,,,,,,,,,,,,
KSETLB313WJZZ,POWER_UNIT,,,,,,,,,,,,,,,,,,
PCB32M400PWR,POWER_UNIT,,,,,,,,,,,,,,,,,,
R9KB560411/1M,POWER_UNIT,,,,,,,,,,,,,,,,,,
RDENC1019MPP1,POWER_UNIT,,,,,,,,,,,,,,,,,,
RDENC1023MPPZ,POWER_UNIT,,,,,,,,,,,,,,,,,,
RDENCA228WJQZ,POWER_UNIT,,,,,,,,,,,,,,,,,,
RDENCA237WJQZ,POWER_UNIT,,,,,,,,,,,,,,,,,,
RDENCA239WJQZ,POWER_UNIT,,,,,,,,,,,,,,,,,,
RDENCA340WJQZ,POWER_UNIT,,,,,,,,,,,,,,,,,,
RDENCA342WJQZ,POWER_UNIT,,,,,,,,,,,,,,,,,,
RDENCA372WJN1,POWER_UNIT,,,,,,,,,,,,,,,,,,
RDENCA408WJN2,POWER_UNIT,,,,,,,,,,,,,,,,,,
RDENCA410WJQZ,POWER_UNIT,,,,,,,,,,,,,,,,,,
RDENCA414WJN1,POWER_UNIT,,,,,,,,,,,,,,,,,,
RDENCA415WJN1,POWER_UNIT,,,,,,,,,,,,,,,,,,
RDENCA438WJPZ,POWER_UNIT,,,,,,,,,,,,,,,,,,
RDENCA439WJN1,POWER_UNIT,,,,,,,,,,,,,,,,,,
RDENCA462WJPZ,POWER_UNIT,,,,,,,,,,,,,,,,,,
RDENCA470WJN1,POWER_UNIT,,,,,,,,,,,,,,,,,,
RDENCA470WJPZ,POWER_UNIT,,,,,,,,,,,,,,,,,,
RDENCA473WJPZ,POWER_UNIT,,,,,,,,,,,,,,,,,,
RDENCA474WJPZ,POWER_UNIT,,,,,,,,,,,,,,,,,,
RDENCA475WJPZ,POWER_UNIT,,,,,,,,,,,,,,,,,,
RDENCA479WJQZ,POWER_UNIT,,,,,,,,,,,,,,,,,,
RDENCA487WJPZ,POWER_UNIT,,,,,,,,,,,,,,,,,,
RDENCA491WJN1,POWER_UNIT,,,,,,,,,,,,,,,,,,
RDENCA491WJQZ,POWER_UNIT,,,,,,,,,,,,,,,,,,
RDENCA493WJN1,POWER_UNIT,,,,,,,,,,,,,,,,,,
RDENCA493WJQZ,POWER_UNIT,,,,,,,,,,,,,,,,,,
RDENCA516WJQZ,POWER_UNIT,,,,,,,,,,,,,,,,,,
RDENCA529WJQZ,POWER_UNIT,,,,,,,,,,,,,,,,,,
RDENCA540WJN1,POWER_UNIT,,,,,,,,,,,,,,,,,,
RDENCA540WJN2,POWER_UNIT,,,,,,,,,,,,,,,,,,
RDENCA547WJQZ,POWER_UNIT,,,,,,,,,,,,,,,,,,
RDENCA549WJN1,POWER_UNIT,,,,,,,,,,,,,,,,,,
RDENCA570WJQZ,POWER_UNIT,,,,,,,,,,,,,,,,,,
RDENCA593WJN1,POWER_UNIT,,,,,,,,,,,,,,,,,,
RRUNTKA929/1M,POWER_UNIT,,,,,,,,,,,,,,,,,,
RUITZA056AWZZ,POWER_UNIT,,,,,,,,,,,,,,,,,,
RUITZA070AWZZ,POWER_UNIT,,,,,,,,,,,,,,,,,,
RUITZA115AWZZ,POWER_UNIT,,,,,,,,,,,,,,,,,,
RUNTKA623WJN1,POWER_UNIT,,,,,,,,,,,,,,,,,,
RUNTKA623WJQZ,POWER_UNIT,,,,,,,,,,,,,,,,,,
RUNTKA644WJQZ,POWER_UNIT,,,,,,,,,,,,,,,,,,
RUNTKA687WJQZ,POWER_UNIT,,,,,,,,,,,,,,,,,,
RUNTKA688WJQZ,POWER_UNIT,,,,,,,,,,,,,,,,,,
RUNTKA695WJQZ,POWER_UNIT,,,,,,,,,,,,,,,,,,
RUNTKA786WJN1,POWER_UNIT,,,,,,,,,,,,,,,,,,
RUNTKA786WJQZ,POWER_UNIT,,,,,,,,,,,,,,,,,,
RUNTKA790WJN1,POWER_UNIT,,,,,,,,,,,,,,,,,,
RUNTKA790WJQZ,POWER_UNIT,,,,,,,,,,,,,,,,,,
RUNTKA794WJN1,POWER_UNIT,,,,,,,,,,,,,,,,,,
RUNTKA794WJQZ,POWER_UNIT,,,,,,,,,,,,,,,,,,
RUNTKA798WJN1,POWER_UNIT,,,,,,,,,,,,,,,,,,
RUNTKA798WJQZ,POWER_UNIT,,,,,,,,,,,,,,,,,,
RUNTKA847WJN1,POWER_UNIT,,,,,,,,,,,,,,,,,,
RUNTKA847WJN3,POWER_UNIT,,,,,,,,,,,,,,,,,,
RUNTKA857WJQZ,POWER_UNIT,,,,,,,,,,,,,,,,,,
RUNTKA860WJPZ,POWER_UNIT,,,,,,,,,,,,,,,,,,
RUNTKA878WJQZ,POWER_UNIT,,,,,,,,,,,,,,,,,,
RUNTKA879WJQZ,POWER_UNIT,,,,,,,,,,,,,,,,,,
RUNTKA903WJN2,POWER_UNIT,,,,,,,,,,,,,,,,,,
RUNTKA929WJQZ,POWER_UNIT,,,,,,,,,,,,,,,,,,
RUNTKA934WJQZ,POWER_UNIT,,,,,,,,,,,,,,,,,,
RUNTKA953WJN1,POWER_UNIT,,,,,,,,,,,,,,,,,,
RUNTKA953WJQZ,POWER_UNIT,,,,,,,,,,,,,,,,,,
RUNTKA956WJN1,POWER_UNIT,,,,,,,,,,,,,,,,,,
RUNTKA982WJQZ,POWER_UNIT,,,,,,,,,,,,,,,,,,
RUNTKB057WJQZ,POWER_UNIT,,,,,,,,,,,,,,,,,,
RUNTKB058WJN1,POWER_UNIT,,,,,,,,,,,,,,,,,,
RUNTKB091WJN1,POWER_UNIT,,,,,,,,,,,,,,,,,,
RUNTKB096WJQZ,POWER_UNIT,,,,,,,,,,,,,,,,,,
RUNTKB116WJQZ,POWER_UNIT,,,,,,,,,,,,,,,,,,
RUNTKB215WJQZ,POWER_UNIT,,,,,,,,,,,,,,,,,,
RUNTKB217WJQZ,POWER_UNIT,,,,,,,,,,,,,,,,,,
RUNTKB285WJQZ,POWER_UNIT,,,,,,,,,,,,,,,,,,
RUNTKB286WJQZ,POWER_UNIT,,,,,,,,,,,,,,,,,,
RUNTKB312WJQZ,POWER_UNIT,,,,,,,,,,,,,,,,,,
RUNTKB385WJQZ,POWER_UNIT,,,,,,,,,,,,,,,,,,
RUNTKB465WJN1,POWER_UNIT,,,,,,,,,,,,,,,,,,
RUNTKB465WJQZ,POWER_UNIT,,,,,,,,,,,,,,,,,,
RUNTKB476WJN1,POWER_UNIT,,,,,,,,,,,,,,,,,,
RUNTKB748WJN1,POWER_UNIT,,,,,,,,,,,,,,,,,,
RUNTKB748WJN2,POWER_UNIT,,,,,,,,,,,,,,,,,,
RUNTKB748WJQZ,POWER_UNIT,,,,,,,,,,,,,,,,,,
RUNTKB749WJQZ,POWER_UNIT,,,,,,,,,,,,,,,,,,
RUNTKB752WJQZ,POWER_UNIT,,,,,,,,,,,,,,,,,,
RUNTKB810WJN1,POWER_UNIT,,,,,,,,,,,,,,,,,,
RUNTKB856WJN1,POWER_UNIT,,,,,,,,,,,,,,,,,,
RUNTKC089WJQZ,POWER_UNIT,,,,,,,,,,,,,,,,,,
RUNTKC090WJQZ,POWER_UNIT,,,,,,,,,,,,,,,,,,
RUNTKC282WJQZ,POWER_UNIT,,,,,,,,,,,,,,,,,,
RUNTKC283WJQZ,POWER_UNIT,,,,,,,,,,,,,,,,,,
PSHEPB659WJN1,PRISM_SHEET,,,,,,,,,,,,,,,,,,
PSHEPB713WJ2A,PRISM_SHEET,,,,,,,,,,,,,,,,,,
PSHEPB714WJ2A,PRISM_SHEET,,,,,,,,,,,,,,,,,,
DSGY-F512JBKZ,PWB_AC,,,,,,,,,,,,,,,,,,
DSGY-F513JBKZ,PWB_AC,,,,,,,,,,,,,,,,,,
9ACID55500HJ1,REFLECTOR_SHEET,,,,,,,,,,,,,,,,,,
9ACID55REFD06,REFLECTOR_SHEET,,,,,,,,,,,,,,,,,,
9ACID75REF001,REFLECTOR_SHEET,,,,,,,,,,,,,,,,,,
PMIR-A439WJ2A,REFLECTOR_SHEET,,,,,,,,,,,,,,,,,,
9ACID7572108,REMOTE_CONTROL,,,,,,,,,,,,,,,,,,
KSETLA993WJZZ,REMOTE_CONTROL,,,,,,,,,,,,,,,,,,
504Q3272108,REMOTE_CONTROL,,,,,,,,,,,,,,,,,,
504Q5070139,REMOTE_CONTROL,,,,,,,,,,,,,,,,,,
9ACID554SRPK,REMOTE_CONTROL,,,,,,,,,,,,,,,,,,
9ACID5572108,REMOTE_CONTROL,,,,,,,,,,,,,,,,,,
9JRMYNEW00348,REMOTE_CONTROL,,,,,,,,,,,,,,,,,,
9JRMYNEW00778,REMOTE_CONTROL,,,,,,,,,,,,,,,,,,
9JRMYNEW02273,REMOTE_CONTROL,,,,,,,,,,,,,,,,,,
9JRMYNEW02311,REMOTE_CONTROL,,,,,,,,,,,,,,,,,,
9TAHL6500IM001,REMOTE_CONTROL,,,,,,,,,,,,,,,,,,
KSETLA796WJZZ,REMOTE_CONTROL,,,,,,,,,,,,,,,,,,
KSETLA807WJZZ,REMOTE_CONTROL,,,,,,,,,,,,,,,,,,
KSETLA983WJZZ,REMOTE_CONTROL,,,,,,,,,,,,,,,,,,
KSETLB295WJZZ,REMOTE_CONTROL,,,,,,,,,,,,,,,,,,
KSETLB355WJZZ,REMOTE_CONTROL,,,,,,,,,,,,,,,,,,
RC-QZA209QBZZ,REMOTE_CONTROL,,,,,,,,,,,,,,,,,,
RMOTRA057CBE0,REMOTE_CONTROL,,,,,,,,,,,,,,,,,,
RRMCGA867WJSA,REMOTE_CONTROL,,,,,,,,,,,,,,,,,,
RRMCGA970WJSA,REMOTE_CONTROL,,,,,,,,,,,,,,,,,,
RRMCGA976WJSA,REMOTE_CONTROL,,,,,,,,,,,,,,,,,,
RRMCGB016WJSA,REMOTE_CONTROL,,,,,,,,,,,,,,,,,,
RRMCGB073WJSA,REMOTE_CONTROL,,,,,,,,,,,,,,,,,,
RRMCGB093WJSA,REMOTE_CONTROL,,,,,,,,,,,,,,,,,,
RRMCGB095WJSA,REMOTE_CONTROL,,,,,,,,,,,,,,,,,,
RRMCGB096WJSA,REMOTE_CONTROL,,,,,,,,,,,,,,,,,,
RRMCGB120WJSA,REMOTE_CONTROL,,,,,,,,,,,,,,,,,,
RRMCGB139WJSA,REMOTE_CONTROL,,,,,,,,,,,,,,,,,,
RRMCGB147WJSA,REMOTE_CONTROL,,,,,,,,,,,,,,,,,,
RRMCGB175WJN1,REMOTE_CONTROL,,,,,,,,,,,,,,,,,,
RRMCGB175WJSA,REMOTE_CONTROL,,,,,,,,,,,,,,,,,,
RRMCGB176WJN1,REMOTE_CONTROL,,,,,,,,,,,,,,,,,,
RRMCGB179WJSA,REMOTE_CONTROL,,,,,,,,,,,,,,,,,,
RRMCGB181WJSA,REMOTE_CONTROL,,,,,,,,,,,,,,,,,,
RRMCGB189WJSA,REMOTE_CONTROL,,,,,,,,,,,,,,,,,,
RRMCGB209WJSA,REMOTE_CONTROL,,,,,,,,,,,,,,,,,,
RRMCGB215WJN1,REMOTE_CONTROL,,,,,,,,,,,,,,,,,,
RRMCGB215WJSA,REMOTE_CONTROL,,,,,,,,,,,,,,,,,,
RRMCGB217WJN1,REMOTE_CONTROL,,,,,,,,,,,,,,,,,,
RRMCGB225WJSA,REMOTE_CONTROL,,,,,,,,,,,,,,,,,,
RRMCGB234WJSA,REMOTE_CONTROL,,,,,,,,,,,,,,,,,,
RRMCGB238WJN1,REMOTE_CONTROL,,,,,,,,,,,,,,,,,,
RRMCGB238WJSA,REMOTE_CONTROL,,,,,,,,,,,,,,,,,,
RRMCGB254WJSA,REMOTE_CONTROL,,,,,,,,,,,,,,,,,,
RRMCGB275WJSA,REMOTE_CONTROL,,,,,,,,,,,,,,,,,,
RRMCGB289WJSA,REMOTE_CONTROL,,,,,,,,,,,,,,,,,,
RRMCGB291WJSA,REMOTE_CONTROL,,,,,,,,,,,,,,,,,,
RRMCGB305WJSA,REMOTE_CONTROL,,,,,,,,,,,,,,,,,,
RRMCGB326WJN3,REMOTE_CONTROL,,,,,,,,,,,,,,,,,,
RRMCGB326WJN5,REMOTE_CONTROL,,,,,,,,,,,,,,,,,,
RRMCGB326WJNA,REMOTE_CONTROL,,,,,,,,,,,,,,,,,,
RRMCGB326WJSA,REMOTE_CONTROL,,,,,,,,,,,,,,,,,,
RRMCGB353WJSA,REMOTE_CONTROL,,,,,,,,,,,,,,,,,,
RRMCGB388WJSA,REMOTE_CONTROL,,,,,,,,,,,,,,,,,,
RRMCGB396WJSA,REMOTE_CONTROL,,,,,,,,,,,,,,,,,,
RRMCGB420WJN1,REMOTE_CONTROL,,,,,,,,,,,,,,,,,,
RRMCGB422WJNA,REMOTE_CONTROL,,,,,,,,,,,,,,,,,,
RRMCGB422WJSA,REMOTE_CONTROL,,,,,,,,,,,,,,,,,,
RRMCUA010JBZZ,REMOTE_CONTROL,,,,,,,,,,,,,,,,,,
9KB6073H06002,SCREW,,,,,,,,,,,,,,,,,,
KSETLA129WJZZ,SCREW,,,,,,,,,,,,,,,,,,
KSETLA174WJZZ,SCREW,,,,,,,,,,,,,,,,,,
LX-BZA395WJF7,SCREW,,,,,,,,,,,,,,,,,,
LX-BZA444WJF7,SCREW,,,,,,,,,,,,,,,,,,
LX-WZ0040VRE0,SCREW,,,,,,,,,,,,,,,,,,
XBBS750P14JS0,SCREW,,,,,,,,,,,,,,,,,,
XBBS940P10000,SCREW,,,,,,,,,,,,,,,,,,
PSHEPB757WJN2,SHEET,,,,,,,,,,,,,,,,,,
PSHEPB758WJN2,SHEET,,,,,,,,,,,,,,,,,,
3SPKW0378W5A04,SPEAKER,,,,,,,,,,,,,,,,,,
3SPKW03K0056BM,SPEAKER,,,,,,,,,,,,,,,,,,
9ACID5510081,SPEAKER,,,,,,,,,,,,,,,,,,
9ACID5510091,SPEAKER,,,,,,,,,,,,,,,,,,
9JD070Y035004,SPEAKER,,,,,,,,,,,,,,,,,,
9JRMY37800001,SPEAKER,,,,,,,,,,,,,,,,,,
9JRMYNEW00765,SPEAKER,,,,,,,,,,,,,,,,,,
CSPA075PB7400,SPEAKER,,,,,,,,,,,,,,,,,,
CSPA075PBWE02,SPEAKER,,,,,,,,,,,,,,,,,,
CSP-ZA912WE01,SPEAKER,,,,,,,,,,,,,,,,,,
CSP-ZA912WE02,SPEAKER,,,,,,,,,,,,,,,,,,
CSP-ZA912WE03,SPEAKER,,,,,,,,,,,,,,,,,,
KSETLA723WJ41,SPEAKER,,,,,,,,,,,,,,,,,,
KSETLA738WJZZ,SPEAKER,,,,,,,,,,,,,,,,,,
KSETLA988WJZZ,SPEAKER,,,,,,,,,,,,,,,,,,
KSETLA995WJZZ,SPEAKER,,,,,,,,,,,,,,,,,,
KSETLB009WJZZ,SPEAKER,,,,,,,,,,,,,,,,,,
KSETLB297WJZZ,SPEAKER,,,,,,,,,,,,,,,,,,
KSETLB298WJZZ,SPEAKER,,,,,,,,,,,,,,,,,,
RSP-ZA447WJN1,SPEAKER,,,,,,,,,,,,,,,,,,
RSP-ZA456WJZZ,SPEAKER,,,,,,,,,,,,,,,,,,
RSP-ZA512WJQZ,SPEAKER,,,,,,,,,,,,,,,,,,
RSPZA570WJZZ,SPEAKER,,,,,,,,,,,,,,,,,,
RSP-ZA570WJZZ,SPEAKER,,,,,,,,,,,,,,,,,,
RSP-ZA571WJZZ,SPEAKER,,,,,,,,,,,,,,,,,,
RSP-ZA576WJZZ,SPEAKER,,,,,,,,,,,,,,,,,,
RSP-ZA633WJPZ,SPEAKER,,,,,,,,,,,,,,,,,,
RSP-ZA641WJPZ,SPEAKER,,,,,,,,,,,,,,,,,,
RSP-ZA651WJPZ,SPEAKER,,,,,,,,,,,,,,,,,,
RSPZA652WJN1,SPEAKER,,,,,,,,,,,,,,,,,,
RSP-ZA655WJZZ,SPEAKER,,,,,,,,,,,,,,,,,,
RSP-ZA704WJN1,SPEAKER,,,,,,,,,,,,,,,,,,
RSPZA704WJN3,SPEAKER,,,,,,,,,,,,,,,,,,
RSP-ZA704WJN3,SPEAKER,,,,,,,,,,,,,,,,,,
RSPZA706WJZZ,SPEAKER,,,,,,,,,,,,,,,,,,
RSP-ZA706WJZZ,SPEAKER,,,,,,,,,,,,,,,,,,
RSP-ZA729WJN1,SPEAKER,,,,,,,,,,,,,,,,,,
RSP-ZA757WJPZ,SPEAKER,,,,,,,,,,,,,,,,,,
RSP-ZA770WJPZ,SPEAKER,,,,,,,,,,,,,,,,,,
RSP-ZA771WJPZ,SPEAKER,,,,,,,,,,,,,,,,,,
RSP-ZA798WJPZ,SPEAKER,,,,,,,,,,,,,,,,,,
RSP-ZA800WJPZ,SPEAKER,,,,,,,,,,,,,,,,,,
RSP-ZA831WJPZ,SPEAKER,,,,,,,,,,,,,,,,,,
RSP-ZA832WJPZ,SPEAKER,,,,,,,,,,,,,,,,,,
RSP-ZA871WJPZ,SPEAKER,,,,,,,,,,,,,,,,,,
RSP-ZA885WJPZ,SPEAKER,,,,,,,,,,,,,,,,,,
RSP-ZA900WJZZ,SPEAKER,,,,,,,,,,,,,,,,,,
RSP-ZA913WJPZ,SPEAKER,,,,,,,,,,,,,,,,,,
RSP-ZA928WJPZ,SPEAKER,,,,,,,,,,,,,,,,,,
RSP-ZA932WJPZ,SPEAKER,,,,,,,,,,,,,,,,,,
RSP-ZA942WJPZ,SPEAKER,,,,,,,,,,,,,,,,,,
RSP-ZA949WJPZ,SPEAKER,,,,,,,,,,,,,,,,,,
RSP-ZA961WJPZ,SPEAKER,,,,,,,,,,,,,,,,,,
RSP-ZA971WJPZ,SPEAKER,,,,,,,,,,,,,,,,,,
RSP-ZA986WJZZ,SPEAKER,,,,,,,,,,,,,,,,,,
RSP-ZA992WJ61,SPEAKER,,,,,,,,,,,,,,,,,,
RSP-ZA996WJZZ,SPEAKER,,,,,,,,,,,,,,,,,,
RSP-ZB017WJZZ,SPEAKER,,,,,,,,,,,,,,,,,,
VSP0080PA59WA,SPEAKER,,,,,,,,,,,,,,,,,,
VSP9050PA118A,SPEAKER,,,,,,,,,,,,,,,,,,
VSP9050PA188A,SPEAKER,,,,,,,,,,,,,,,,,,
VSP9050PA208A,SPEAKER,,,,,,,,,,,,,,,,,,
CDAI-A926WJ01,STAND_ASSY_L,,,,,,,,,,,,,,,,,,
CDAI-B120WJ61,STAND_ASSY_L,,,,,,,,,,,,,,,,,,
GDAI-A963WJ4W,STAND_POST,,,,,,,,,,,,,,,,,,
LX-BZA688WJF7,STAND_SCREW,,,,,,,,,,,,,,,,,,
CDAI-A798WJ01,STANDBASE,,,,,,,,,,,,,,,,,,
CDAI-A895WJ01,STANDBASE,,,,,,,,,,,,,,,,,,
CDAI-B069WJ01,STANDBASE,,,,,,,,,,,,,,,,,,
CDAI-B144WJ61,STANDBASE,,,,,,,,,,,,,,,,,,
CDAI-B144WJ62,STANDBASE,,,,,,,,,,,,,,,,,,
CDAI-B194WJ4A,STANDBASE,,,,,,,,,,,,,,,,,,
CDAI-B198WJ61,STANDBASE,,,,,,,,,,,,,,,,,,
CDAI-B231WJ61,STANDBASE,,,,,,,,,,,,,,,,,,
QSWKA019WJZZ+,SWITCH,,,,,,,,,,,,,,,,,,
QSW-KA019WJZZ+,SWITCH,,,,,,,,,,,,,,,,,,
QSW-KA063WJZZY,SWITCH,,,,,,,,,,,,,,,,,,
QSW-P0035GEZZ,SWITCH,,,,,,,,,,,,,,,,,,
9ACID55TAP001,TAPE,,,,,,,,,,,,,,,,,,
9ACID55TAP002,TAPE,,,,,,,,,,,,,,,,,,
9ACID55TAP005,TAPE,,,,,,,,,,,,,,,,,,
9ACID55TAP006,TAPE,,,,,,,,,,,,,,,,,,
9ACID55TAP007,TAPE,,,,,,,,,,,,,,,,,,
9ACID75TAP001,TAPE,,,,,,,,,,,,,,,,,,
ZTPELA001V//L,TAPE,,,,,,,,,,,,,,,,,,
ZTPELA002V//L,TAPE,,,,,,,,,,,,,,,,,,
ZTPELA003V//L,TAPE,,,,,,,,,,,,,,,,,,
9ACID5554617,TCON_UNIT,,,,,,,,,,,,,,,,,,
RUNTKC114WJZZ,TCON_UNIT,,,,,,,,,,,,,,,,,,
30446805561+,TCON_UNIT,,,,,,,,,,,,,,,,,,
513C50C0M02,TCON_UNIT,,,,,,,,,,,,,,,,,,
513C50C0M11,TCON_UNIT,,,,,,,,,,,,,,,,,,
513C55B0M10,TCON_UNIT,,,,,,,,,,,,,,,,,,
513C75A0M04,TCON_UNIT,,,,,,,,,,,,,,,,,,
513Y745R3H2,TCON_UNIT,,,,,,,,,,,,,,,,,,
513YJR645R6,TCON_UNIT,,,,,,,,,,,,,,,,,,
513YJR745R2,TCON_UNIT,,,,,,,,,,,,,,,,,,
513YST54619,TCON_UNIT,,,,,,,,,,,,,,,,,,
9ACID5554618,TCON_UNIT,,,,,,,,,,,,,,,,,,
9ACID55FFC404,TCON_UNIT,,,,,,,,,,,,,,,,,,
9ACID55TC001,TCON_UNIT,,,,,,,,,,,,,,,,,,
9ACID55TC002,TCON_UNIT,,,,,,,,,,,,,,,,,,
9ACID55TC004,TCON_UNIT,,,,,,,,,,,,,,,,,,
9ACID75745R2,TCON_UNIT,,,,,,,,,,,,,,,,,,
9RAID55TC004,TCON_UNIT,,,,,,,,,,,,,,,,,,
9TAHL6500CP007,TCON_UNIT,,,,,,,,,,,,,,,,,,
DUNTK0334FMA7,TCON_UNIT,,,,,,,,,,,,,,,,,,
DUNTK0334FMB4,TCON_UNIT,,,,,,,,,,,,,,,,,,
DUNTKF908FM11,TCON_UNIT,,,,,,,,,,,,,,,,,,
DUNTKF908FM17,TCON_UNIT,,,,,,,,,,,,,,,,,,
DUNTKG098FM01,TCON_UNIT,,,,,,,,,,,,,,,,,,
DUNTKG215FMG2,TCON_UNIT,,,,,,,,,,,,,,,,,,
DUNTKG476FM02,TCON_UNIT,,,,,,,,,,,,,,,,,,
DUNTKG477FMG1,TCON_UNIT,,,,,,,,,,,,,,,,,,
DUNTKG755FM01,TCON_UNIT,,,,,,,,,,,,,,,,,,
KSETLB344WJZZ,TCON_UNIT,,,,,,,,,,,,,,,,,,
QCNW-S601WJ/L,TCON_UNIT,,,,,,,,,,,,,,,,,,
QCNW-T376WJPZ,TCON_UNIT,,,,,,,,,,,,,,,,,,
RUNTK0006HVZA,TCON_UNIT,,,,,,,,,,,,,,,,,,
RUNTK0006HVZF,TCON_UNIT,,,,,,,,,,,,,,,,,,
RUNTK0006HVZJ,TCON_UNIT,,,,,,,,,,,,,,,,,,
RUNTK0042HVZZ,TCON_UNIT,,,,,,,,,,,,,,,,,,
RUNTK006HVZF,TCON_UNIT,,,,,,,,,,,,,,,,,,
RUNTK0075FVZK,TCON_UNIT,,,,,,,,,,,,,,,,,,
RUNTK0288FVZM,TCON_UNIT,,,,,,,,,,,,,,,,,,
RUNTK0288FVZQ,TCON_UNIT,,,,,,,,,,,,,,,,,,
RUNTK0334FVYS,TCON_UNIT,,,,,,,,,,,,,,,,,,
RUNTK0334FVZA,TCON_UNIT,,,,,,,,,,,,,,,,,,
RUNTK0334FVZS,TCON_UNIT,,,,,,,,,,,,,,,,,,
RUNTK0488FVZB,TCON_UNIT,,,,,,,,,,,,,,,,,,
RUNTKB169WJQZ,TCON_UNIT,,,,,,,,,,,,,,,,,,
RUNTKB723WJQZ,TCON_UNIT,,,,,,,,,,,,,,,,,,
RUNTKB773WJQZ,TCON_UNIT,,,,,,,,,,,,,,,,,,
RUNTKB984WJN1,TCON_UNIT,,,,,,,,,,,,,,,,,,
RUNTKC237WJZZ,TCON_UNIT,,,,,,,,,,,,,,,,,,
30449605652+,TCON_WIRE,,,,,,,,,,,,,,,,,,
QCNW-N482WJPZ,TCON_WIRE,,,,,,,,,,,,,,,,,,
QCNW-R977WJPZ,TCON_WIRE,,,,,,,,,,,,,,,,,,
RTHM-A014VDEZ,THERMISTOR,,,,,,,,,,,,,,,,,,
ZHNDAI299750E,TIMAH_SOLDER,,,,,,,,,,,,,,,,,,
RUNTKA869WJQZ,TOUCH_SENSOR,,,,,,,,,,,,,,,,,,
VSBF422++++-2+,TRANSISTOR,,,,,,,,,,,,,,,,,,
LSOU-A111QBFA,TUBE_MESIN_CUCI,,,,,,,,,,,,,,,,,,
RTUNQA063WJQZ,TUNER,,,,,,,,,,,,,,,,,,
RTUNQA067WJQZ,TUNER,,,,,,,,,,,,,,,,,,
2MDLUSB625UB-2,USB_MODUL,,,,,,,,,,,,,,,,,,
QCNW-T703WJPZ,USB_WIRE,,,,,,,,,,,,,,,,,,
9TAHL6500IP001,VOICE_MODUL,,,,,,,,,,,,,,,,,,
QSWTBA014QBZZ,WASH_TIMER,,,,,,,,,,,,,,,,,,
QSWTBA001QBZZ,WASH_TIMER_SWITCH,,,,,,,,,,,,,,,,,,
RUNTKC009WJN1,WIFI_UNIT,,,,,,,,,,,,,,,,,,
RUNTKC116WJQZ2,WIFI_UNIT,,,,,,,,,,,,,,,,,,
9ACID5502004,WIFI_UNIT,,,,,,,,,,,,,,,,,,
9ACID5576633,WIFI_UNIT,,,,,,,,,,,,,,,,,,
9ACID7576633,WIFI_UNIT,,,,,,,,,,,,,,,,,,
9JRMYNEW00287,WIFI_UNIT,,,,,,,,,,,,,,,,,,
RUNTKB293WJZZ,WIFI_UNIT,,,,,,,,,,,,,,,,,,
RUNTKB316WJQZ,WIFI_UNIT,,,,,,,,,,,,,,,,,,
RUNTKB330WJQZ,WIFI_UNIT,,,,,,,,,,,,,,,,,,
RUNTKB588WJQZ,WIFI_UNIT,,,,,,,,,,,,,,,,,,
RUNTKB707WJQZ,WIFI_UNIT,,,,,,,,,,,,,,,,,,
RUNTKB751WJN1,WIFI_UNIT,,,,,,,,,,,,,,,,,,
RUNTKB751WJQZ,WIFI_UNIT,,,,,,,,,,,,,,,,,,
RUNTKB753WJN1,WIFI_UNIT,,,,,,,,,,,,,,,,,,
RUNTKB753WJN2,WIFI_UNIT,,,,,,,,,,,,,,,,,,
RUNTKC092WJQZ,WIFI_UNIT,,,,,,,,,,,,,,,,,,
RUNTKC116WJN12,WIFI_UNIT,,,,,,,,,,,,,,,,,,
QCNW-R107WJPZ,WIFI_WIRE,,,,,,,,,,,,,,,,,,
QCNW-R204WJPZ,WIFI_WIRE,,,,,,,,,,,,,,,,,,
QCNW-R914WJPZ,WIFI_WIRE,,,,,,,,,,,,,,,,,,
QCNW-R915WJN1,WIFI_WIRE,,,,,,,,,,,,,,,,,,
QCNW-R994WJN1,WIFI_WIRE,,,,,,,,,,,,,,,,,,
QCNW-R994WJPZ,WIFI_WIRE,,,,,,,,,,,,,,,,,,
QCNW-T323WJPZ,WIFI_WIRE,,,,,,,,,,,,,,,,,,
QCNW-T372WJPZ,WIFI_WIRE,,,,,,,,,,,,,,,,,,
QCNW-T544WJPZ,WIFI_WIRE,,,,,,,,,,,,,,,,,,
QCNW-U065WJPZ,WIFI_WIRE,,,,,,,,,,,,,,,,,,
QCNW-R909WJPZ,WIRE,,,,,,,,,,,,,,,,,,
QCNW-S573WJPZ,WIRE,,,,,,,,,,,,,,,,,,
KSETLA665WJZZ,WIRE_,,,,,,,,,,,,,,,,,,
DSGY-G525JBKZ,XXX,,,,,,,,,,,,,,,,,,
QSWTSA054QBEZ,XXX,,,,,,,,,,,,,,,,,,
DSGY-F704JBKZ,XXXX,,,,,,,,,,,,,,,,,,
